A,E
1,301
2,1103
3,218
4,2204
5,2994
6,143
7,604
8,26
9,1502
10,1543
11,2651
12,255
13,1603
14,2227
15,976
16,1308
17,682
18,2552
19,1912
20,1155
21,1378
22,329
23,1778
24,2080
25,1035
26,2373
27,1753
28,2729
29,1881
30,1178
31,1297
32,182
33,39
34,205
35,1111
36,2573
37,1281
38,2694
39,450
40,2350
41,1474
42,921
43,1026
44,2335
45,1424
46,137
47,894
48,2941
49,2839
50,16
51,620
52,365
53,1200
54,558
55,732
56,1953
57,936
58,2972
59,2967
60,1231
61,1470
62,2507
63,523
64,1679
65,738
66,2057
67,1143
68,2302
69,1476
70,1845
71,409
72,1965
73,464
74,2832
75,1033
76,1133
77,1979
78,2685
79,2514
80,919
81,2352
82,2949
83,2365
84,2763
85,2908
86,907
87,1210
88,1345
89,2207
90,2532
91,2641
92,2756
93,2973
94,2590
95,1539
96,744
97,1352
98,2686
99,974
100,597
101,1073
102,1553
103,428
104,824
105,483
106,1630
107,1701
108,1092
109,2187
110,1076
111,665
112,762
113,636
114,2850
115,2614
116,2962
117,15
118,1424
119,1497
120,2027
121,212
122,757
123,77
124,1696
125,2366
126,930
127,973
128,25
129,1088
130,2915
131,937
132,374
133,1327
134,1840
135,363
136,2040
137,2317
138,1598
139,630
140,139
141,1191
142,1322
143,1885
144,736
145,2651
146,161
147,1065
148,323
149,2800
150,2385
151,2580
152,1092
153,780
154,1609
155,211
156,880
157,1953
158,1268
159,2195
160,1900
161,1389
162,1480
163,161
164,609
165,1254
166,413
167,2340
168,2556
169,1684
170,2585
171,1619
172,51
173,1797
174,1331
175,296
176,2176
177,1735
178,2635
179,804
180,558
181,1803
182,2249
183,1566
184,834
185,2208
186,2163
187,798
188,1907
189,567
190,1127
191,960
192,1594
193,2464
194,736
195,2212
196,219
197,1721
198,1918
199,2085
200,1926
201,99
202,126
203,2224
204,2955
205,2906
206,408
207,1177
208,1037
209,2306
210,2241
211,2198
212,2243
213,2006
214,2793
215,506
216,944
217,2642
218,2823
219,1193
220,197
221,965
222,2832
223,2604
224,55
225,2544
226,1591
227,135
228,2624
229,136
230,2387
231,212
232,431
233,676
234,1810
235,650
236,1019
237,2241
238,969
239,1017
240,2948
241,113
242,1580
243,2214
244,619
245,305
246,2368
247,1608
248,1518
249,1704
250,1468
251,2397
252,293
253,1816
254,383
255,1395
256,200
257,341
258,2144
259,1636
260,2766
261,1606
262,1627
263,2137
264,1421
265,2214
266,963
267,2725
268,1530
269,938
270,2919
271,437
272,1232
273,2246
274,2908
275,960
276,2307
277,338
278,1365
279,150
280,2451
281,236
282,2462
283,1339
284,279
285,2048
286,860
287,1850
288,763
289,2758
290,434
291,846
292,148
293,1757
294,2634
295,2554
296,876
297,637
298,561
299,359
300,2527
301,1086
302,2315
303,2088
304,1944
305,2321
306,491
307,1259
308,1916
309,901
310,1945
311,340
312,2788
313,1034
314,1034
315,1959
316,1721
317,2939
318,1765
319,2458
320,1072
321,2601
322,2918
323,827
324,2000
325,2513
326,2045
327,833
328,999
329,1403
330,414
331,2206
332,2308
333,1453
334,2863
335,611
336,2664
337,678
338,907
339,172
340,1872
341,137
342,2153
343,2385
344,1138
345,2626
346,276
347,1788
348,1418
349,1188
350,978
351,1616
352,1996
353,1325
354,2352
355,1801
356,2902
357,641
358,888
359,2728
360,2926
361,622
362,1930
363,604
364,1723
365,2016
366,2337
367,1342
368,2226
369,1037
370,1897
371,327
372,2849
373,1377
374,346
375,1243
376,55
377,132
378,181
379,1950
380,176
381,1781
382,2641
383,446
384,1172
385,2173
386,2666
387,1140
388,2993
389,2507
390,2695
391,1259
392,496
393,1072
394,1184
395,772
396,1251
397,118
398,488
399,2919
400,2181
401,1803
402,1485
403,95
404,2654
405,2844
406,121
407,876
408,827
409,1352
410,2565
411,1654
412,394
413,2489
414,1073
415,921
416,2813
417,655
418,1814
419,1318
420,1236
421,2811
422,1249
423,1593
424,814
425,2706
426,1106
427,2715
428,1371
429,1519
430,2687
431,2995
432,1165
433,1948
434,2419
435,1568
436,1804
437,201
438,441
439,1006
440,2899
441,545
442,1626
443,1376
444,542
445,970
446,1000
447,2689
448,2666
449,1640
450,1571
451,660
452,1399
453,2369
454,1831
455,1016
456,906
457,617
458,57
459,532
460,2995
461,2573
462,2977
463,1778
464,1902
465,2782
466,133
467,2960
468,657
469,2612
470,1711
471,283
472,367
473,2565
474,2732
475,1616
476,832
477,1857
478,1599
479,2889
480,1876
481,2297
482,1599
483,929
484,933
485,819
486,127
487,134
488,203
489,611
490,936
491,1764
492,139
493,1004
494,503
495,1836
496,1745
497,2277
498,500
499,2621
500,1091
501,639
502,262
503,2529
504,2216
505,2112
506,2337
507,1825
508,1906
509,1187
510,358
511,690
512,18
513,1033
514,41
515,2210
516,2457
517,2295
518,1071
519,902
520,1302
521,2911
522,666
523,1285
524,581
525,1975
526,1680
527,1023
528,774
529,2997
530,2697
531,2131
532,662
533,1492
534,2810
535,1379
536,1588
537,1026
538,470
539,1870
540,780
541,1587
542,922
543,1400
544,729
545,475
546,1394
547,2948
548,1890
549,48
550,785
551,2736
552,88
553,575
554,2633
555,1999
556,2827
557,2676
558,1871
559,2714
560,2858
561,1828
562,2600
563,456
564,1400
565,1618
566,469
567,856
568,2575
569,1594
570,1120
571,2363
572,2603
573,2929
574,995
575,1214
576,641
577,41
578,669
579,2713
580,1160
581,551
582,1993
583,2277
584,1485
585,2066
586,2449
587,467
588,2935
589,1043
590,2354
591,1390
592,918
593,245
594,83
595,1425
596,431
597,2296
598,271
599,1298
600,1778
601,1259
602,592
603,1546
604,949
605,2459
606,664
607,856
608,2994
609,376
610,793
611,1071
612,2185
613,1417
614,2388
615,2011
616,1019
617,1730
618,6
619,2954
620,2744
621,790
622,69
623,2433
624,406
625,1156
626,1758
627,2783
628,1874
629,1921
630,2217
631,1359
632,1037
633,2135
634,2688
635,976
636,1706
637,1420
638,1430
639,2564
640,2379
641,569
642,848
643,943
644,1485
645,1778
646,2540
647,2874
648,1713
649,2937
650,2225
651,2336
652,1361
653,1798
654,2831
655,211
656,2811
657,728
658,1651
659,2621
660,350
661,2882
662,1750
663,2497
664,2012
665,1383
666,1824
667,2477
668,47
669,2856
670,2478
671,1934
672,2171
673,1193
674,1195
675,1030
676,2568
677,2033
678,2492
679,578
680,2278
681,2156
682,2737
683,2591
684,2591
685,98
686,2017
687,1675
688,1368
689,2822
690,2964
691,35
692,1880
693,1834
694,293
695,1350
696,2020
697,324
698,330
699,1090
700,919
701,1255
702,1440
703,2309
704,2802
705,1369
706,1206
707,1154
708,2611
709,781
710,1439
711,2971
712,2502
713,1513
714,1655
715,1932
716,247
717,341
718,337
719,1721
720,1084
721,1387
722,393
723,927
724,2275
725,953
726,1013
727,946
728,796
729,1165
730,1633
731,2627
732,1399
733,1073
734,175
735,2711
736,2788
737,777
738,1956
739,2868
740,2348
741,2926
742,2312
743,1371
744,2077
745,2339
746,1254
747,223
748,2345
749,602
750,1653
751,2057
752,2567
753,1767
754,979
755,331
756,1842
757,204
758,846
759,1213
760,8
761,457
762,853
763,1478
764,2077
765,2728
766,1892
767,713
768,195
769,2744
770,1019
771,2358
772,2830
773,2652
774,1450
775,1556
776,2197
777,2687
778,1770
779,1889
780,582
781,2510
782,2033
783,169
784,2770
785,655
786,756
787,955
788,2987
789,122
790,1864
791,2789
792,2298
793,2013
794,804
795,1120
796,791
797,81
798,1589
799,2150
800,2798
801,598
802,2256
803,1668
804,471
805,1897
806,2299
807,2732
808,1457
809,148
810,59
811,617
812,2267
813,2330
814,1920
815,2182
816,581
817,1333
818,1701
819,1253
820,2257
821,2132
822,1989
823,243
824,918
825,1294
826,453
827,57
828,2641
829,2149
830,2469
831,140
832,1051
833,126
834,1145
835,989
836,1508
837,2505
838,331
839,2089
840,2683
841,2380
842,1514
843,84
844,2386
845,2750
846,2091
847,2167
848,439
849,1888
850,615
851,1055
852,1780
853,558
854,2009
855,426
856,2666
857,2216
858,2448
859,2920
860,383
861,2892
862,1426
863,1422
864,2432
865,1301
866,1765
867,541
868,2221
869,844
870,775
871,2250
872,2608
873,2443
874,2044
875,2738
876,359
877,780
878,1686
879,61
880,1694
881,1874
882,1259
883,2965
884,594
885,1781
886,26
887,2485
888,1870
889,2042
890,1878
891,2134
892,674
893,1901
894,1458
895,1281
896,1220
897,2398
898,2014
899,16
900,246
901,1192
902,2480
903,1517
904,1715
905,607
906,1019
907,602
908,1661
909,1484
910,2569
911,1121
912,1430
913,1460
914,1632
915,199
916,360
917,2189
918,1817
919,99
920,2341
921,766
922,692
923,1594
924,103
925,1707
926,1784
927,1647
928,1921
929,1846
930,1772
931,2413
932,455
933,2895
934,1361
935,611
936,1382
937,671
938,1787
939,1745
940,2788
941,371
942,1683
943,422
944,2671
945,2155
946,1326
947,2656
948,2840
949,132
950,1857
951,1159
952,1994
953,2209
954,1779
955,790
956,61
957,2497
958,239
959,2853
960,569
961,431
962,1928
963,395
964,2090
965,2340
966,2140
967,1357
968,1881
969,439
970,1044
971,2232
972,2956
973,2807
974,585
975,264
976,1227
977,1821
978,2361
979,345
980,1394
981,1276
982,2598
983,2088
984,1378
985,1777
986,1453
987,2031
988,1000
989,595
990,1187
991,2847
992,1798
993,2801
994,710
995,1559
996,2625
997,887
998,58
999,1094
1000,1454
1001,862
1002,2481
1003,681
1004,1773
1005,2501
1006,2656
1007,2533
1008,1750
1009,1769
1010,1342
1011,1048
1012,1955
1013,1202
1014,240
1015,1638
1016,663
1017,2605
1018,2603
1019,2153
1020,1973
1021,1234
1022,1348
1023,2216
1024,715
1025,2538
1026,1215
1027,1329
1028,1593
1029,2388
1030,2537
1031,1148
1032,2334
1033,2439
1034,616
1035,1115
1036,2856
1037,1490
1038,2360
1039,1709
1040,1514
1041,1750
1042,2375
1043,2236
1044,184
1045,158
1046,1864
1047,1046
1048,2391
1049,177
1050,2935
1051,547
1052,2691
1053,1849
1054,2903
1055,2194
1056,1807
1057,2352
1058,1887
1059,1195
1060,406
1061,2117
1062,1706
1063,544
1064,671
1065,210
1066,2993
1067,88
1068,1333
1069,724
1070,679
1071,2562
1072,2656
1073,266
1074,717
1075,106
1076,2082
1077,553
1078,1532
1079,2158
1080,1466
1081,79
1082,1030
1083,2006
1084,719
1085,1748
1086,1425
1087,2090
1088,768
1089,1879
1090,1515
1091,279
1092,1003
1093,2612
1094,1047
1095,1487
1096,2815
1097,515
1098,1848
1099,482
1100,2085
1101,620
1102,2991
1103,1149
1104,2335
1105,2304
1106,33
1107,111
1108,1971
1109,1090
1110,2710
1111,99
1112,2284
1113,1256
1114,220
1115,360
1116,2686
1117,2120
1118,793
1119,1958
1120,877
1121,2772
1122,734
1123,1093
1124,403
1125,1235
1126,2611
1127,800
1128,181
1129,358
1130,2235
1131,1856
1132,2163
1133,1684
1134,513
1135,1099
1136,381
1137,829
1138,1842
1139,1264
1140,1581
1141,1605
1142,2531
1143,1640
1144,843
1145,1930
1146,2434
1147,1013
1148,790
1149,1733
1150,352
1151,713
1152,1088
1153,2447
1154,2211
1155,480
1156,2348
1157,1689
1158,2924
1159,1129
1160,2747
1161,173
1162,2332
1163,1946
1164,234
1165,2275
1166,2951
1167,2106
1168,2021
1169,848
1170,2999
1171,1670
1172,1417
1173,397
1174,2380
1175,1434
1176,1040
1177,1346
1178,674
1179,423
1180,2213
1181,2257
1182,548
1183,1031
1184,1452
1185,2928
1186,1695
1187,2081
1188,1998
1189,1182
1190,2979
1191,324
1192,1166
1193,1080
1194,2288
1195,2991
1196,1815
1197,2152
1198,1
1199,456
1200,403
1201,2964
1202,116
1203,1855
1204,45
1205,2609
1206,438
1207,2226
1208,663
1209,11
1210,1119
1211,1176
1212,2484
1213,308
1214,999
1215,1345
1216,157
1217,2454
1218,2690
1219,98
1220,1320
1221,666
1222,829
1223,540
1224,1986
1225,2693
1226,133
1227,1242
1228,201
1229,2322
1230,1060
1231,2382
1232,1186
1233,1347
1234,1593
1235,2978
1236,1911
1237,2099
1238,1456
1239,2752
1240,57
1241,1711
1242,130
1243,2411
1244,1454
1245,1871
1246,2049
1247,463
1248,894
1249,1088
1250,2558
1251,2265
1252,1680
1253,33
1254,2162
1255,495
1256,835
1257,333
1258,1171
1259,2894
1260,449
1261,174
1262,684
1263,2062
1264,1726
1265,289
1266,2776
1267,340
1268,1346
1269,516
1270,669
1271,248
1272,1644
1273,4
1274,29
1275,27
1276,2360
1277,2105
1278,1704
1279,2647
1280,1160
1281,2324
1282,2936
1283,2090
1284,252
1285,1225
1286,2699
1287,1497
1288,1572
1289,1414
1290,2256
1291,2184
1292,2381
1293,2576
1294,1292
1295,1319
1296,967
1297,1881
1298,2444
1299,124
1300,2837
1301,272
1302,2088
1303,2816
1304,2587
1305,509
1306,1148
1307,46
1308,2502
1309,1438
1310,1330
1311,2873
1312,1720
1313,1782
1314,2744
1315,2857
1316,2059
1317,1242
1318,1421
1319,2996
1320,925
1321,2231
1322,1135
1323,1810
1324,2421
1325,1506
1326,276
1327,2709
1328,2982
1329,396
1330,2307
1331,243
1332,1437
1333,188
1334,2624
1335,1603
1336,1300
1337,2853
1338,752
1339,1342
1340,1131
1341,2145
1342,967
1343,275
1344,110
1345,2597
1346,2873
1347,2930
1348,1710
1349,774
1350,2547
1351,2204
1352,429
1353,4
1354,126
1355,1520
1356,1160
1357,2325
1358,2904
1359,2121
1360,1464
1361,1591
1362,2539
1363,1186
1364,2634
1365,926
1366,2744
1367,836
1368,1565
1369,1775
1370,450
1371,2521
1372,1178
1373,1549
1374,2198
1375,2320
1376,862
1377,1867
1378,576
1379,2703
1380,295
1381,1644
1382,2836
1383,1951
1384,1064
1385,2099
1386,1537
1387,1395
1388,2722
1389,2054
1390,706
1391,2904
1392,257
1393,174
1394,126
1395,1420
1396,825
1397,2817
1398,281
1399,2574
1400,934
1401,372
1402,489
1403,2796
1404,1836
1405,929
1406,2754
1407,515
1408,744
1409,1966
1410,165
1411,2069
1412,2289
1413,2287
1414,1140
1415,161
1416,2059
1417,498
1418,1142
1419,1335
1420,1460
1421,2014
1422,120
1423,1185
1424,338
1425,2588
1426,1850
1427,958
1428,711
1429,2913
1430,2268
1431,292
1432,2978
1433,1926
1434,723
1435,902
1436,1243
1437,2432
1438,676
1439,1211
1440,1867
1441,1293
1442,1211
1443,1960
1444,1491
1445,463
1446,2477
1447,1884
1448,55
1449,735
1450,701
1451,387
1452,2009
1453,2136
1454,1165
1455,474
1456,1565
1457,1793
1458,1848
1459,452
1460,2114
1461,572
1462,745
1463,1672
1464,2282
1465,578
1466,1441
1467,1151
1468,2239
1469,1414
1470,398
1471,918
1472,2275
1473,2790
1474,28
1475,308
1476,2731
1477,673
1478,1516
1479,21
1480,1989
1481,140
1482,1256
1483,1190
1484,1993
1485,2935
1486,2404
1487,2667
1488,2471
1489,445
1490,2541
1491,2018
1492,2272
1493,2685
1494,2960
1495,2035
1496,1539
1497,2205
1498,1101
1499,512
1500,1141
1501,788
1502,2510
1503,1983
1504,1360
1505,1450
1506,380
1507,1987
1508,1286
1509,1574
1510,1257
1511,2589
1512,2374
1513,238
1514,2365
1515,2392
1516,1449
1517,100
1518,2417
1519,1500
1520,1175
1521,1989
1522,2016
1523,437
1524,1130
1525,2037
1526,2252
1527,1301
1528,544
1529,133
1530,2483
1531,2183
1532,1655
1533,2803
1534,1470
1535,1824
1536,1581
1537,2737
1538,639
1539,603
1540,1369
1541,1848
1542,2309
1543,2107
1544,1035
1545,2270
1546,350
1547,2077
1548,2484
1549,1995
1550,594
1551,1547
1552,1435
1553,613
1554,2073
1555,1911
1556,732
1557,2340
1558,2685
1559,1073
1560,2084
1561,10
1562,368
1563,122
1564,1225
1565,2042
1566,1281
1567,2009
1568,2730
1569,2036
1570,524
1571,2488
1572,1294
1573,1911
1574,2769
1575,2812
1576,2391
1577,2319
1578,186
1579,1978
1580,416
1581,2766
1582,342
1583,347
1584,2493
1585,2870
1586,1368
1587,2370
1588,1681
1589,928
1590,2309
1591,2940
1592,2601
1593,1142
1594,367
1595,1842
1596,1699
1597,2035
1598,732
1599,429
1600,1551
1601,2034
1602,1162
1603,2752
1604,263
1605,1901
1606,1621
1607,293
1608,2297
1609,2253
1610,1715
1611,2998
1612,1612
1613,2853
1614,1539
1615,2952
1616,192
1617,1822
1618,745
1619,2490
1620,2
1621,2155
1622,2950
1623,1297
1624,429
1625,2826
1626,939
1627,677
1628,392
1629,998
1630,1308
1631,2052
1632,2434
1633,2417
1634,126
1635,32
1636,2033
1637,2386
1638,1262
1639,1415
1640,818
1641,2109
1642,317
1643,2188
1644,691
1645,2921
1646,341
1647,1625
1648,2367
1649,269
1650,1026
1651,2157
1652,384
1653,450
1654,836
1655,2687
1656,686
1657,497
1658,1380
1659,800
1660,2583
1661,2356
1662,2083
1663,2771
1664,1795
1665,1920
1666,2382
1667,364
1668,961
1669,2809
1670,2499
1671,1074
1672,1098
1673,1329
1674,1677
1675,1125
1676,578
1677,2991
1678,122
1679,1299
1680,1769
1681,224
1682,2709
1683,1282
1684,50
1685,1778
1686,1589
1687,2369
1688,357
1689,2296
1690,348
1691,1381
1692,2464
1693,2846
1694,1969
1695,857
1696,2036
1697,129
1698,921
1699,1675
1700,2273
1701,2197
1702,1534
1703,308
1704,1
1705,1390
1706,306
1707,1093
1708,1958
1709,1706
1710,1028
1711,1740
1712,1932
1713,2276
1714,1425
1715,337
1716,677
1717,546
1718,767
1719,1797
1720,1392
1721,452
1722,2788
1723,2581
1724,332
1725,1402
1726,657
1727,1803
1728,1618
1729,2004
1730,1602
1731,1200
1732,1967
1733,1727
1734,1873
1735,2742
1736,1742
1737,1212
1738,432
1739,1586
1740,1514
1741,1987
1742,2209
1743,345
1744,1035
1745,1416
1746,464
1747,2190
1748,440
1749,2618
1750,1357
1751,371
1752,181
1753,1373
1754,1878
1755,1627
1756,1865
1757,2668
1758,1641
1759,2351
1760,569
1761,1331
1762,2667
1763,2095
1764,184
1765,2064
1766,1944
1767,1158
1768,2764
1769,2194
1770,12
1771,1189
1772,2085
1773,551
1774,2697
1775,2430
1776,891
1777,2479
1778,1481
1779,1475
1780,193
1781,1914
1782,1552
1783,2127
1784,1259
1785,1916
1786,2093
1787,2126
1788,2465
1789,1617
1790,8
1791,1133
1792,2367
1793,2005
1794,1460
1795,2989
1796,1039
1797,2723
1798,2424
1799,1392
1800,380
1801,2635
1802,2238
1803,618
1804,1928
1805,1873
1806,2678
1807,2345
1808,569
1809,1868
1810,1705
1811,1027
1812,1458
1813,2165
1814,1801
1815,1742
1816,2531
1817,2337
1818,1009
1819,625
1820,873
1821,1463
1822,2173
1823,2437
1824,2293
1825,2904
1826,205
1827,2852
1828,834
1829,2743
1830,1479
1831,2945
1832,2380
1833,1433
1834,1962
1835,1735
1836,2768
1837,1661
1838,590
1839,2659
1840,2727
1841,2237
1842,2381
1843,2456
1844,1669
1845,1830
1846,813
1847,1011
1848,2378
1849,1194
1850,1982
1851,2014
1852,2119
1853,2080
1854,2013
1855,2785
1856,680
1857,673
1858,170
1859,2452
1860,1617
1861,2834
1862,326
1863,290
1864,1433
1865,2341
1866,735
1867,1647
1868,82
1869,1403
1870,1705
1871,895
1872,938
1873,1090
1874,1440
1875,196
1876,2293
1877,2442
1878,577
1879,386
1880,676
1881,2355
1882,2407
1883,2494
1884,1421
1885,2287
1886,2964
1887,2876
1888,2323
1889,946
1890,464
1891,1069
1892,1272
1893,1660
1894,923
1895,1858
1896,1518
1897,1200
1898,626
1899,2625
1900,1398
1901,2652
1902,53
1903,1452
1904,2402
1905,2302
1906,1969
1907,961
1908,624
1909,2553
1910,1102
1911,2280
1912,973
1913,2030
1914,885
1915,1334
1916,1909
1917,827
1918,381
1919,2304
1920,1629
1921,226
1922,2747
1923,2108
1924,53
1925,1344
1926,1592
1927,2082
1928,541
1929,1191
1930,2630
1931,1991
1932,752
1933,2268
1934,2282
1935,93
1936,2950
1937,446
1938,790
1939,754
1940,1901
1941,1067
1942,331
1943,2976
1944,2651
1945,2426
1946,827
1947,2575
1948,2046
1949,2434
1950,346
1951,2476
1952,2888
1953,1635
1954,271
1955,1663
1956,2004
1957,2541
1958,697
1959,1969
1960,1518
1961,1186
1962,675
1963,2928
1964,1204
1965,756
1966,8
1967,1320
1968,2135
1969,2053
1970,454
1971,811
1972,1639
1973,1777
1974,2035
1975,2778
1976,1622
1977,609
1978,1064
1979,147
1980,2296
1981,1444
1982,837
1983,2878
1984,805
1985,1560
1986,2349
1987,2184
1988,2893
1989,2041
1990,1875
1991,374
1992,748
1993,1631
1994,377
1995,652
1996,2053
1997,1242
1998,1750
1999,666
2000,2970
2001,1243
2002,2566
2003,1318
2004,469
2005,458
2006,2041
2007,2480
2008,2723
2009,1637
2010,212
2011,2854
2012,627
2013,1123
2014,1359
2015,2850
2016,1499
2017,1259
2018,728
2019,958
2020,452
2021,1400
2022,1123
2023,1118
2024,278
2025,921
2026,2967
2027,2119
2028,1634
2029,1819
2030,1387
2031,1882
2032,1386
2033,2508
2034,241
2035,212
2036,914
2037,2186
2038,1582
2039,232
2040,273
2041,1462
2042,315
2043,237
2044,2861
2045,650
2046,1767
2047,1519
2048,470
2049,2883
2050,577
2051,1016
2052,773
2053,652
2054,2334
2055,900
2056,921
2057,543
2058,265
2059,641
2060,1260
2061,472
2062,2116
2063,2658
2064,635
2065,2656
2066,736
2067,1650
2068,2825
2069,2172
2070,1757
2071,2680
2072,514
2073,2424
2074,2382
2075,2875
2076,720
2077,314
2078,986
2079,2862
2080,52
2081,2953
2082,2678
2083,842
2084,624
2085,2525
2086,2454
2087,1486
2088,1565
2089,2960
2090,1281
2091,549
2092,2457
2093,1772
2094,2733
2095,239
2096,945
2097,130
2098,1409
2099,1898
2100,1755
2101,818
2102,2252
2103,2534
2104,1127
2105,2741
2106,2861
2107,1657
2108,1585
2109,229
2110,828
2111,2932
2112,2222
2113,333
2114,2956
2115,124
2116,1688
2117,1742
2118,2543
2119,1097
2120,1861
2121,780
2122,1132
2123,295
2124,2942
2125,869
2126,352
2127,608
2128,1388
2129,2064
2130,2479
2131,75
2132,2557
2133,630
2134,1768
2135,2120
2136,2188
2137,2717
2138,2508
2139,272
2140,2069
2141,2664
2142,845
2143,1830
2144,1491
2145,2439
2146,569
2147,2066
2148,513
2149,1070
2150,1115
2151,1730
2152,954
2153,600
2154,202
2155,1226
2156,1440
2157,1708
2158,1133
2159,2959
2160,885
2161,2613
2162,2225
2163,1263
2164,2185
2165,1073
2166,2979
2167,225
2168,1433
2169,30
2170,2524
2171,2237
2172,1770
2173,1954
2174,385
2175,2257
2176,601
2177,2840
2178,242
2179,1453
2180,2778
2181,1197
2182,673
2183,902
2184,2330
2185,2761
2186,450
2187,460
2188,1533
2189,780
2190,704
2191,1313
2192,1046
2193,2045
2194,2061
2195,1186
2196,268
2197,646
2198,1583
2199,2980
2200,1515
2201,2495
2202,243
2203,1662
2204,1055
2205,2024
2206,349
2207,2138
2208,924
2209,1569
2210,1265
2211,1207
2212,289
2213,1428
2214,2584
2215,1232
2216,1631
2217,2265
2218,1248
2219,900
2220,2183
2221,2281
2222,214
2223,2324
2224,1809
2225,952
2226,100
2227,1049
2228,1992
2229,83
2230,2472
2231,1524
2232,721
2233,1561
2234,815
2235,2601
2236,1960
2237,259
2238,1673
2239,652
2240,2478
2241,800
2242,1834
2243,1436
2244,2182
2245,1102
2246,1541
2247,2167
2248,465
2249,779
2250,39
2251,2284
2252,1607
2253,2070
2254,68
2255,357
2256,1378
2257,1194
2258,2771
2259,2079
2260,804
2261,2495
2262,1581
2263,481
2264,928
2265,366
2266,2851
2267,1336
2268,1822
2269,255
2270,1438
2271,2222
2272,1399
2273,888
2274,1296
2275,933
2276,1630
2277,672
2278,206
2279,2666
2280,575
2281,2892
2282,611
2283,1014
2284,735
2285,2429
2286,2505
2287,362
2288,2865
2289,50
2290,657
2291,692
2292,1498
2293,1974
2294,2008
2295,1903
2296,2350
2297,812
2298,2281
2299,507
2300,1380
2301,1457
2302,2408
2303,1196
2304,1550
2305,2901
2306,931
2307,2864
2308,2554
2309,542
2310,1237
2311,1517
2312,2576
2313,1974
2314,2429
2315,2554
2316,836
2317,896
2318,2099
2319,2846
2320,706
2321,637
2322,1038
2323,2590
2324,1879
2325,474
2326,19
2327,624
2328,138
2329,2262
2330,2427
2331,2422
2332,1211
2333,843
2334,695
2335,1572
2336,993
2337,1866
2338,309
2339,2504
2340,363
2341,88
2342,1247
2343,748
2344,2381
2345,233
2346,321
2347,1868
2348,1197
2349,2523
2350,1895
2351,279
2352,45
2353,2802
2354,1592
2355,743
2356,1713
2357,487
2358,1348
2359,2056
2360,2489
2361,1176
2362,816
2363,1732
2364,1926
2365,19
2366,2132
2367,640
2368,633
2369,2745
2370,1227
2371,1863
2372,1519
2373,403
2374,1952
2375,327
2376,332
2377,996
2378,27
2379,2364
2380,640
2381,2002
2382,734
2383,378
2384,713
2385,1306
2386,921
2387,2799
2388,1112
2389,327
2390,2306
2391,365
2392,2807
2393,2767
2394,2151
2395,842
2396,1206
2397,2995
2398,1669
2399,334
2400,572
2401,1833
2402,622
2403,2943
2404,1588
2405,424
2406,1983
2407,213
2408,1056
2409,1778
2410,2944
2411,795
2412,2953
2413,555
2414,1758
2415,944
2416,2277
2417,2847
2418,592
2419,256
2420,1114
2421,664
2422,49
2423,812
2424,642
2425,1836
2426,2756
2427,1299
2428,711
2429,776
2430,239
2431,2544
2432,2250
2433,266
2434,2932
2435,61
2436,1550
2437,793
2438,564
2439,1541
2440,924
2441,1310
2442,1636
2443,1259
2444,809
2445,1201
2446,2735
2447,1577
2448,213
2449,2860
2450,84
2451,1783
2452,1480
2453,2824
2454,72
2455,1343
2456,1701
2457,826
2458,2137
2459,2669
2460,930
2461,2588
2462,2813
2463,1647
2464,1850
2465,1892
2466,52
2467,2010
2468,1426
2469,1893
2470,1001
2471,2079
2472,968
2473,1070
2474,852
2475,2306
2476,838
2477,1286
2478,594
2479,1271
2480,2943
2481,1590
2482,173
2483,2045
2484,2083
2485,2901
2486,1470
2487,2610
2488,1920
2489,1738
2490,1598
2491,1099
2492,1969
2493,2463
2494,2031
2495,580
2496,280
2497,2210
2498,2117
2499,896
2500,424
2501,1243
2502,1700
2503,649
2504,2477
2505,1914
2506,548
2507,2699
2508,2989
2509,1950
2510,195
2511,263
2512,1436
2513,2404
2514,1556
2515,1765
2516,2040
2517,39
2518,777
2519,2843
2520,2224
2521,862
2522,1911
2523,692
2524,2260
2525,1696
2526,1440
2527,615
2528,998
2529,101
2530,1377
2531,686
2532,596
2533,2924
2534,2434
2535,2480
2536,1122
2537,2103
2538,959
2539,1489
2540,1868
2541,1802
2542,1408
2543,2181
2544,1992
2545,2650
2546,101
2547,651
2548,2224
2549,2577
2550,1085
2551,2055
2552,2963
2553,1054
2554,2404
2555,2913
2556,1877
2557,1613
2558,1361
2559,2226
2560,286
2561,2161
2562,1174
2563,1232
2564,1429
2565,391
2566,65
2567,2430
2568,2297
2569,2155
2570,2842
2571,1554
2572,2324
2573,1063
2574,1645
2575,908
2576,2418
2577,2164
2578,893
2579,1440
2580,624
2581,2244
2582,2018
2583,1402
2584,2592
2585,891
2586,353
2587,1277
2588,1250
2589,2222
2590,578
2591,2728
2592,328
2593,688
2594,875
2595,2295
2596,163
2597,1839
2598,592
2599,925
2600,496
2601,1310
2602,2837
2603,168
2604,2177
2605,2120
2606,1665
2607,180
2608,545
2609,284
2610,2171
2611,1884
2612,1250
2613,2590
2614,2566
2615,528
2616,450
2617,155
2618,421
2619,2058
2620,1241
2621,2028
2622,1921
2623,2997
2624,1642
2625,76
2626,1839
2627,599
2628,2159
2629,1242
2630,1427
2631,502
2632,746
2633,2338
2634,936
2635,82
2636,594
2637,1295
2638,1179
2639,893
2640,698
2641,1147
2642,496
2643,1800
2644,616
2645,1704
2646,528
2647,2384
2648,2481
2649,2021
2650,2054
2651,805
2652,2146
2653,668
2654,1201
2655,2988
2656,2037
2657,2475
2658,2108
2659,1053
2660,1062
2661,1010
2662,2227
2663,2970
2664,1256
2665,1150
2666,2038
2667,2342
2668,2453
2669,401
2670,1859
2671,1581
2672,567
2673,2036
2674,299
2675,2505
2676,1312
2677,452
2678,435
2679,401
2680,546
2681,768
2682,135
2683,2606
2684,2078
2685,324
2686,1411
2687,681
2688,2050
2689,247
2690,2643
2691,777
2692,1812
2693,348
2694,870
2695,2121
2696,651
2697,2366
2698,1259
2699,616
2700,1003
2701,1406
2702,2672
2703,1058
2704,1283
2705,118
2706,127
2707,116
2708,2763
2709,123
2710,2497
2711,1581
2712,1419
2713,2863
2714,341
2715,2053
2716,946
2717,2647
2718,1000
2719,2175
2720,2195
2721,976
2722,2454
2723,2938
2724,59
2725,2660
2726,2582
2727,484
2728,9
2729,2204
2730,398
2731,104
2732,1318
2733,1167
2734,18
2735,582
2736,212
2737,2813
2738,1625
2739,1929
2740,952
2741,812
2742,443
2743,2823
2744,2250
2745,1393
2746,967
2747,137
2748,2256
2749,2697
2750,2133
2751,2732
2752,2817
2753,192
2754,854
2755,1328
2756,1253
2757,1069
2758,821
2759,2394
2760,2781
2761,2633
2762,2554
2763,985
2764,568
2765,382
2766,1155
2767,2559
2768,758
2769,2007
2770,2826
2771,2231
2772,156
2773,756
2774,1949
2775,1342
2776,1000
2777,2911
2778,2657
2779,1044
2780,1128
2781,1904
2782,1977
2783,2122
2784,1990
2785,1523
2786,2085
2787,1842
2788,1366
2789,384
2790,291
2791,1256
2792,1487
2793,2709
2794,1703
2795,933
2796,1159
2797,745
2798,395
2799,1294
2800,2703
2801,1203
2802,1600
2803,749
2804,1311
2805,1448
2806,2406
2807,1047
2808,326
2809,1456
2810,2503
2811,346
2812,2508
2813,1221
2814,1646
2815,722
2816,2878
2817,2743
2818,738
2819,1115
2820,1786
2821,670
2822,1866
2823,573
2824,2070
2825,1399
2826,1137
2827,1431
2828,2541
2829,386
2830,2574
2831,2160
2832,1597
2833,2317
2834,2031
2835,553
2836,835
2837,218
2838,2057
2839,757
2840,1465
2841,1534
2842,1198
2843,2450
2844,734
2845,1081
2846,264
2847,1792
2848,1296
2849,2080
2850,391
2851,2435
2852,1374
2853,2261
2854,2183
2855,259
2856,2812
2857,890
2858,2197
2859,816
2860,1915
2861,2518
2862,982
2863,2005
2864,992
2865,2079
2866,613
2867,2453
2868,1918
2869,1466
2870,2805
2871,612
2872,284
2873,2080
2874,1685
2875,382
2876,2598
2877,788
2878,2918
2879,852
2880,2895
2881,701
2882,2367
2883,316
2884,1907
2885,613
2886,640
2887,783
2888,687
2889,1052
2890,1212
2891,2687
2892,600
2893,1955
2894,2332
2895,1307
2896,1310
2897,914
2898,1326
2899,1943
2900,930
2901,173
2902,2043
2903,58
2904,2114
2905,2892
2906,2142
2907,2419
2908,1973
2909,2686
2910,38
2911,696
2912,1802
2913,2553
2914,1936
2915,2563
2916,645
2917,2362
2918,2228
2919,1770
2920,291
2921,1430
2922,1805
2923,181
2924,2678
2925,2101
2926,1926
2927,1229
2928,2729
2929,1965
2930,2774
2931,1811
2932,2677
2933,24
2934,2434
2935,723
2936,2900
2937,2397
2938,2781
2939,1398
2940,2491
2941,2789
2942,852
2943,1506
2944,2011
2945,1684
2946,1749
2947,271
2948,679
2949,705
2950,2849
2951,1447
2952,318
2953,2207
2954,2481
2955,708
2956,2765
2957,124
2958,467
2959,1716
2960,267
2961,179
2962,615
2963,2291
2964,1579
2965,761
2966,1836
2967,2715
2968,636
2969,287
2970,1001
2971,2247
2972,2091
2973,675
2974,1500
2975,1638
2976,2867
2977,1334
2978,2245
2979,2433
2980,1754
2981,556
2982,1041
2983,2952
2984,627
2985,1211
2986,1499
2987,221
2988,2241
2989,811
2990,2609
2991,2108
2992,152
2993,1409
2994,1477
2995,1356
2996,2821
2997,1495
2998,1465
2999,2993
3000,2287
3001,494
3002,2297
3003,1686
3004,1242
3005,1844
3006,2960
3007,1197
3008,552
3009,2802
3010,2476
3011,226
3012,1038
3013,2802
3014,807
3015,1829
3016,1123
3017,2647
3018,2383
3019,2837
3020,1679
3021,414
3022,1382
3023,408
3024,2964
3025,2404
3026,2239
3027,1010
3028,171
3029,2115
3030,2647
3031,2853
3032,2136
3033,2653
3034,1336
3035,1158
3036,1244
3037,585
3038,2059
3039,1075
3040,1996
3041,1954
3042,2158
3043,887
3044,2365
3045,930
3046,542
3047,1505
3048,788
3049,2016
3050,1724
3051,1817
3052,349
3053,932
3054,1699
3055,1108
3056,570
3057,2805
3058,2473
3059,2568
3060,735
3061,2399
3062,2948
3063,902
3064,1680
3065,465
3066,2941
3067,977
3068,903
3069,2910
3070,1870
3071,2510
3072,1493
3073,874
3074,341
3075,2437
3076,2525
3077,1957
3078,2931
3079,1232
3080,182
3081,1221
3082,823
3083,970
3084,2026
3085,1389
3086,2541
3087,547
3088,2488
3089,1612
3090,489
3091,1466
3092,1485
3093,1318
3094,2739
3095,99
3096,28
3097,967
3098,2646
3099,1689
3100,2007
3101,832
3102,1757
3103,2423
3104,2003
3105,457
3106,1664
3107,60
3108,901
3109,2871
3110,779
3111,558
3112,2983
3113,1686
3114,371
3115,1960
3116,1588
3117,1265
3118,2486
3119,2134
3120,1692
3121,2368
3122,2609
3123,1971
3124,396
3125,1629
3126,928
3127,2366
3128,1097
3129,2965
3130,1131
3131,2660
3132,8
3133,2719
3134,2084
3135,1144
3136,2701
3137,2813
3138,2575
3139,2699
3140,653
3141,191
3142,2464
3143,2342
3144,1116
3145,34
3146,2895
3147,2629
3148,1935
3149,1235
3150,2201
3151,678
3152,804
3153,472
3154,821
3155,2375
3156,724
3157,1945
3158,536
3159,579
3160,1741
3161,1342
3162,1480
3163,1841
3164,1700
3165,1513
3166,1734
3167,1091
3168,1681
3169,483
3170,1243
3171,111
3172,2225
3173,2072
3174,633
3175,1184
3176,2657
3177,1980
3178,2294
3179,528
3180,2947
3181,2352
3182,910
3183,228
3184,1063
3185,350
3186,987
3187,1898
3188,561
3189,2291
3190,665
3191,891
3192,1047
3193,1322
3194,153
3195,2308
3196,2002
3197,2994
3198,848
3199,2405
3200,1064
3201,1943
3202,888
3203,1084
3204,1240
3205,1999
3206,1029
3207,563
3208,1986
3209,1503
3210,437
3211,2027
3212,2391
3213,2341
3214,1514
3215,637
3216,1521
3217,2765
3218,2451
3219,2915
3220,173
3221,2915
3222,497
3223,913
3224,36
3225,2790
3226,1704
3227,2264
3228,552
3229,2978
3230,2147
3231,2652
3232,143
3233,746
3234,990
3235,2170
3236,828
3237,2631
3238,1198
3239,2102
3240,266
3241,788
3242,617
3243,2487
3244,870
3245,533
3246,418
3247,770
3248,441
3249,2542
3250,2073
3251,1013
3252,2359
3253,393
3254,2287
3255,1918
3256,1386
3257,2296
3258,1062
3259,2441
3260,1540
3261,2554
3262,394
3263,1598
3264,107
3265,1216
3266,282
3267,2362
3268,2345
3269,2891
3270,889
3271,1172
3272,2408
3273,2664
3274,1530
3275,2439
3276,390
3277,1281
3278,903
3279,2242
3280,1108
3281,2650
3282,1762
3283,108
3284,662
3285,1547
3286,1483
3287,2493
3288,1868
3289,2696
3290,1659
3291,1450
3292,1736
3293,574
3294,1563
3295,2622
3296,2867
3297,2219
3298,600
3299,5
3300,2273
3301,2966
3302,100
3303,1088
3304,2516
3305,2325
3306,1207
3307,1768
3308,2525
3309,707
3310,1008
3311,1193
3312,2446
3313,1584
3314,1931
3315,683
3316,1328
3317,142
3318,286
3319,631
3320,1555
3321,1064
3322,2517
3323,111
3324,2658
3325,1434
3326,1647
3327,2988
3328,1130
3329,1733
3330,1302
3331,354
3332,427
3333,1041
3334,1131
3335,1114
3336,2418
3337,267
3338,662
3339,220
3340,2562
3341,1895
3342,721
3343,2399
3344,376
3345,254
3346,851
3347,1773
3348,2329
3349,119
3350,6
3351,1779
3352,2821
3353,2960
3354,2020
3355,2531
3356,2885
3357,1861
3358,1903
3359,646
3360,2350
3361,23
3362,260
3363,2607
3364,2922
3365,211
3366,2585
3367,2610
3368,2253
3369,2969
3370,1713
3371,1126
3372,354
3373,324
3374,1061
3375,2153
3376,1556
3377,405
3378,282
3379,2437
3380,458
3381,2481
3382,54
3383,1414
3384,2642
3385,2431
3386,2601
3387,2043
3388,1566
3389,2949
3390,287
3391,1015
3392,1550
3393,2984
3394,1430
3395,2598
3396,2563
3397,1502
3398,478
3399,462
3400,2930
3401,661
3402,2754
3403,1262
3404,989
3405,2542
3406,1142
3407,1974
3408,1037
3409,1581
3410,340
3411,2796
3412,281
3413,86
3414,868
3415,2836
3416,2992
3417,2728
3418,931
3419,2149
3420,475
3421,1150
3422,424
3423,352
3424,118
3425,1911
3426,2274
3427,2680
3428,1429
3429,2863
3430,2720
3431,83
3432,254
3433,1837
3434,2331
3435,547
3436,612
3437,699
3438,1007
3439,1287
3440,1650
3441,2620
3442,2447
3443,1712
3444,613
3445,157
3446,2840
3447,1730
3448,478
3449,1141
3450,467
3451,2638
3452,683
3453,2080
3454,371
3455,18
3456,712
3457,23
3458,1921
3459,2014
3460,2772
3461,446
3462,2747
3463,2115
3464,403
3465,1528
3466,1875
3467,1419
3468,694
3469,1552
3470,1690
3471,1801
3472,433
3473,903
3474,2587
3475,2112
3476,69
3477,788
3478,1086
3479,2165
3480,2433
3481,997
3482,2556
3483,2485
3484,986
3485,1399
3486,2569
3487,293
3488,1221
3489,508
3490,1786
3491,2838
3492,1256
3493,654
3494,1298
3495,388
3496,1508
3497,2018
3498,865
3499,1684
3500,642
3501,592
3502,1381
3503,1290
3504,1313
3505,1016
3506,1970
3507,1308
3508,575
3509,2067
3510,368
3511,86
3512,2659
3513,160
3514,498
3515,296
3516,2035
3517,2222
3518,496
3519,756
3520,2795
3521,2686
3522,2374
3523,1927
3524,2343
3525,1908
3526,251
3527,386
3528,2612
3529,2624
3530,1840
3531,1811
3532,2217
3533,2123
3534,1525
3535,449
3536,1555
3537,2310
3538,2146
3539,1415
3540,2168
3541,2251
3542,1397
3543,1172
3544,2907
3545,934
3546,1895
3547,254
3548,2685
3549,1082
3550,794
3551,2539
3552,1782
3553,2478
3554,1807
3555,2383
3556,1840
3557,1107
3558,55
3559,934
3560,1119
3561,2780
3562,1099
3563,23
3564,2634
3565,1450
3566,869
3567,2995
3568,407
3569,2584
3570,1177
3571,67
3572,1642
3573,2580
3574,35
3575,1043
3576,102
3577,1214
3578,160
3579,2882
3580,2216
3581,1480
3582,2392
3583,996
3584,547
3585,346
3586,2287
3587,585
3588,2950
3589,946
3590,2938
3591,2497
3592,579
3593,823
3594,1847
3595,132
3596,981
3597,688
3598,2190
3599,331
3600,1783
3601,957
3602,1823
3603,2751
3604,1525
3605,850
3606,1715
3607,25
3608,2643
3609,2971
3610,156
3611,733
3612,1607
3613,206
3614,1177
3615,295
3616,1706
3617,1546
3618,2532
3619,322
3620,457
3621,1485
3622,580
3623,1594
3624,869
3625,997
3626,796
3627,1529
3628,1295
3629,1448
3630,1072
3631,221
3632,670
3633,2084
3634,2934
3635,680
3636,479
3637,111
3638,2803
3639,2470
3640,1496
3641,2343
3642,1343
3643,46
3644,1551
3645,1913
3646,692
3647,2787
3648,2077
3649,2506
3650,2029
3651,1361
3652,1432
3653,921
3654,684
3655,115
3656,2911
3657,2641
3658,478
3659,1430
3660,2647
3661,2631
3662,493
3663,1016
3664,440
3665,2770
3666,1399
3667,1762
3668,41
3669,856
3670,2566
3671,717
3672,2923
3673,600
3674,386
3675,2439
3676,2316
3677,2185
3678,1638
3679,1698
3680,2912
3681,1675
3682,238
3683,1130
3684,579
3685,893
3686,2370
3687,2696
3688,1776
3689,726
3690,2415
3691,2442
3692,155
3693,1735
3694,1465
3695,556
3696,264
3697,715
3698,1563
3699,595
3700,2272
3701,2757
3702,2378
3703,2152
3704,2069
3705,2225
3706,381
3707,2973
3708,1557
3709,2737
3710,25
3711,178
3712,196
3713,188
3714,922
3715,74
3716,2633
3717,1135
3718,869
3719,1123
3720,497
3721,580
3722,2974
3723,2976
3724,2023
3725,2332
3726,1906
3727,2992
3728,2208
3729,2864
3730,1393
3731,2819
3732,2295
3733,2664
3734,1191
3735,2434
3736,1025
3737,1860
3738,1891
3739,695
3740,2977
3741,428
3742,2517
3743,1903
3744,1281
3745,2949
3746,542
3747,528
3748,1978
3749,1151
3750,184
3751,1696
3752,587
3753,1160
3754,2180
3755,704
3756,2043
3757,2482
3758,61
3759,660
3760,370
3761,1773
3762,1336
3763,1798
3764,2191
3765,122
3766,283
3767,763
3768,2137
3769,1043
3770,727
3771,1892
3772,1577
3773,2273
3774,910
3775,1175
3776,2096
3777,1902
3778,1150
3779,1323
3780,553
3781,789
3782,1930
3783,391
3784,1519
3785,230
3786,2511
3787,2993
3788,648
3789,294
3790,413
3791,782
3792,87
3793,2004
3794,1329
3795,2002
3796,2969
3797,877
3798,1525
3799,300
3800,301
3801,172
3802,1166
3803,1893
3804,466
3805,2329
3806,353
3807,1898
3808,2610
3809,2806
3810,2704
3811,1618
3812,193
3813,2600
3814,537
3815,1261
3816,407
3817,711
3818,1359
3819,1280
3820,712
3821,1074
3822,454
3823,1115
3824,531
3825,709
3826,222
3827,1720
3828,139
3829,968
3830,880
3831,1228
3832,2825
3833,2556
3834,2498
3835,2741
3836,1719
3837,2152
3838,1293
3839,1787
3840,244
3841,2727
3842,1340
3843,2169
3844,851
3845,1076
3846,2880
3847,2637
3848,2628
3849,1847
3850,606
3851,2831
3852,2000
3853,2277
3854,2498
3855,1470
3856,1064
3857,375
3858,2955
3859,829
3860,2095
3861,2404
3862,2554
3863,869
3864,1431
3865,2428
3866,2695
3867,885
3868,2649
3869,529
3870,1747
3871,1713
3872,1418
3873,209
3874,2057
3875,983
3876,2945
3877,1186
3878,860
3879,2025
3880,2599
3881,1719
3882,211
3883,11
3884,187
3885,2291
3886,2737
3887,2352
3888,1409
3889,2793
3890,1278
3891,1343
3892,649
3893,261
3894,2785
3895,43
3896,2296
3897,2921
3898,233
3899,2319
3900,1154
3901,2850
3902,661
3903,970
3904,105
3905,2615
3906,256
3907,384
3908,1350
3909,1772
3910,2139
3911,1200
3912,1273
3913,694
3914,2936
3915,111
3916,427
3917,1118
3918,1852
3919,2618
3920,1835
3921,2942
3922,2987
3923,1643
3924,1297
3925,197
3926,2209
3927,2345
3928,1020
3929,1616
3930,138
3931,1357
3932,2492
3933,822
3934,1942
3935,1816
3936,1583
3937,682
3938,1604
3939,1485
3940,2528
3941,1169
3942,1252
3943,1791
3944,43
3945,2779
3946,387
3947,2887
3948,1381
3949,266
3950,57
3951,2558
3952,88
3953,120
3954,1164
3955,2905
3956,2606
3957,964
3958,2276
3959,2532
3960,1846
3961,2778
3962,2163
3963,2092
3964,455
3965,1179
3966,2027
3967,1597
3968,889
3969,2542
3970,18
3971,1338
3972,1726
3973,1718
3974,1568
3975,2412
3976,1231
3977,2618
3978,1187
3979,430
3980,1028
3981,1814
3982,660
3983,2718
3984,148
3985,236
3986,2502
3987,1570
3988,1363
3989,436
3990,2754
3991,652
3992,61
3993,1113
3994,583
3995,1517
3996,1384
3997,951
3998,2760
3999,1443
4000,1969
4001,980
4002,2435
4003,1890
4004,2542
4005,1449
4006,1575
4007,595
4008,2244
4009,1735
4010,1208
4011,2673
4012,2973
4013,2712
4014,2811
4015,427
4016,2381
4017,743
4018,2821
4019,107
4020,63
4021,2786
4022,539
4023,36
4024,2107
4025,1447
4026,2695
4027,2894
4028,2540
4029,1524
4030,1788
4031,1234
4032,2408
4033,2282
4034,1781
4035,2498
4036,2590
4037,2125
4038,25
4039,302
4040,631
4041,2193
4042,2937
4043,2444
4044,1371
4045,1653
4046,2063
4047,2991
4048,2996
4049,1492
4050,1391
4051,1830
4052,1769
4053,2286
4054,2117
4055,1141
4056,2362
4057,2421
4058,399
4059,871
4060,182
4061,1789
4062,1493
4063,1988
4064,1256
4065,2708
4066,90
4067,49
4068,314
4069,1132
4070,2731
4071,87
4072,1955
4073,1265
4074,1945
4075,1776
4076,155
4077,1161
4078,1713
4079,1621
4080,1279
4081,1943
4082,522
4083,2433
4084,1609
4085,988
4086,2351
4087,853
4088,2816
4089,1799
4090,2017
4091,482
4092,327
4093,1881
4094,2205
4095,2280
4096,843
4097,1395
4098,502
4099,627
4100,287
4101,2647
4102,294
4103,2174
4104,752
4105,487
4106,503
4107,325
4108,914
4109,2408
4110,123
4111,1914
4112,773
4113,1148
4114,2547
4115,2936
4116,53
4117,2932
4118,2629
4119,1338
4120,1507
4121,2820
4122,1124
4123,479
4124,971
4125,193
4126,1356
4127,860
4128,9
4129,2374
4130,1565
4131,2291
4132,2033
4133,767
4134,1787
4135,428
4136,2748
4137,1453
4138,1827
4139,161
4140,586
4141,2600
4142,1938
4143,590
4144,561
4145,2386
4146,1688
4147,2895
4148,1990
4149,1091
4150,1379
4151,2845
4152,1245
4153,1457
4154,1132
4155,2174
4156,640
4157,1505
4158,489
4159,1548
4160,2148
4161,163
4162,857
4163,802
4164,1554
4165,2407
4166,567
4167,2622
4168,2469
4169,2750
4170,1378
4171,1536
4172,198
4173,1669
4174,2187
4175,2692
4176,238
4177,2158
4178,1515
4179,1898
4180,2817
4181,1624
4182,874
4183,2750
4184,1933
4185,2300
4186,1408
4187,2897
4188,864
4189,1265
4190,294
4191,773
4192,1412
4193,1052
4194,2071
4195,2704
4196,1731
4197,251
4198,1763
4199,2155
4200,72
4201,1870
4202,2466
4203,1636
4204,2967
4205,2834
4206,427
4207,1358
4208,1257
4209,43
4210,2253
4211,1721
4212,1813
4213,940
4214,2723
4215,2845
4216,2309
4217,1983
4218,2996
4219,2576
4220,2867
4221,35
4222,812
4223,200
4224,1754
4225,1316
4226,1736
4227,2320
4228,419
4229,627
4230,1187
4231,1126
4232,135
4233,2052
4234,1906
4235,2809
4236,393
4237,2786
4238,96
4239,1174
4240,1286
4241,958
4242,1619
4243,1738
4244,2811
4245,1676
4246,945
4247,596
4248,532
4249,1447
4250,2895
4251,2855
4252,947
4253,2421
4254,2306
4255,703
4256,2570
4257,1096
4258,916
4259,77
4260,1781
4261,2725
4262,701
4263,474
4264,2328
4265,2764
4266,605
4267,2573
4268,1869
4269,2343
4270,1453
4271,700
4272,368
4273,1956
4274,1675
4275,2360
4276,1822
4277,2134
4278,1354
4279,2088
4280,1428
4281,608
4282,2465
4283,2055
4284,2790
4285,762
4286,2113
4287,361
4288,1767
4289,1290
4290,977
4291,638
4292,249
4293,1065
4294,627
4295,35
4296,1128
4297,2287
4298,1841
4299,1058
4300,851
4301,924
4302,2569
4303,2797
4304,954
4305,2671
4306,740
4307,2561
4308,1981
4309,2590
4310,2475
4311,2034
4312,382
4313,2388
4314,389
4315,1958
4316,937
4317,1454
4318,1322
4319,679
4320,323
4321,1458
4322,2756
4323,82
4324,2021
4325,887
4326,154
4327,1138
4328,2408
4329,536
4330,1640
4331,1849
4332,2623
4333,1033
4334,582
4335,2884
4336,17
4337,2762
4338,866
4339,1093
4340,2808
4341,2939
4342,1513
4343,1297
4344,2918
4345,1889
4346,659
4347,478
4348,45
4349,686
4350,2686
4351,2542
4352,2181
4353,1812
4354,1745
4355,2614
4356,1142
4357,2768
4358,1724
4359,1040
4360,15
4361,807
4362,1683
4363,2083
4364,36
4365,1014
4366,1568
4367,904
4368,2593
4369,1238
4370,225
4371,892
4372,1054
4373,354
4374,612
4375,400
4376,2844
4377,726
4378,2806
4379,2775
4380,1023
4381,2044
4382,2712
4383,903
4384,2000
4385,2782
4386,2447
4387,2206
4388,2158
4389,1135
4390,1894
4391,2550
4392,2027
4393,1373
4394,2097
4395,466
4396,1109
4397,1320
4398,1608
4399,1533
4400,2240
4401,1885
4402,414
4403,2946
4404,1923
4405,1681
4406,878
4407,2437
4408,96
4409,637
4410,569
4411,1308
4412,1902
4413,412
4414,2896
4415,67
4416,1478
4417,528
4418,2413
4419,1394
4420,2649
4421,2725
4422,1119
4423,2448
4424,1830
4425,2443
4426,2798
4427,2705
4428,1891
4429,620
4430,1657
4431,927
4432,945
4433,1330
4434,1116
4435,2579
4436,9
4437,709
4438,1152
4439,2653
4440,665
4441,66
4442,1034
4443,2006
4444,1886
4445,645
4446,20
4447,1102
4448,608
4449,628
4450,799
4451,1987
4452,1596
4453,2334
4454,1557
4455,1925
4456,1798
4457,137
4458,2408
4459,2566
4460,2794
4461,1042
4462,1694
4463,249
4464,968
4465,1181
4466,2266
4467,1616
4468,1403
4469,1581
4470,2418
4471,1473
4472,1579
4473,2133
4474,1822
4475,2983
4476,1575
4477,203
4478,1547
4479,1386
4480,2834
4481,462
4482,382
4483,175
4484,706
4485,249
4486,1796
4487,33
4488,172
4489,252
4490,213
4491,141
4492,1968
4493,1209
4494,1528
4495,2380
4496,1788
4497,2836
4498,1484
4499,683
4500,1152
4501,2785
4502,911
4503,1411
4504,1097
4505,1225
4506,321
4507,109
4508,2459
4509,2785
4510,2252
4511,28
4512,2828
4513,1708
4514,299
4515,21
4516,1363
4517,550
4518,725
4519,384
4520,570
4521,365
4522,2379
4523,1570
4524,461
4525,2512
4526,2558
4527,2384
4528,1691
4529,198
4530,2596
4531,379
4532,601
4533,2729
4534,872
4535,1816
4536,38
4537,1205
4538,1546
4539,1090
4540,1889
4541,1568
4542,920
4543,1428
4544,2842
4545,2859
4546,870
4547,177
4548,338
4549,500
4550,496
4551,480
4552,1109
4553,61
4554,392
4555,2371
4556,314
4557,2886
4558,211
4559,1144
4560,2900
4561,2891
4562,10
4563,925
4564,167
4565,1582
4566,1351
4567,1287
4568,902
4569,186
4570,600
4571,1395
4572,1574
4573,1563
4574,415
4575,2767
4576,2452
4577,1295
4578,1885
4579,1920
4580,696
4581,908
4582,1951
4583,139
4584,2814
4585,2305
4586,2020
4587,2458
4588,647
4589,2940
4590,1817
4591,1955
4592,608
4593,2355
4594,2165
4595,1592
4596,1814
4597,2115
4598,2827
4599,1377
4600,605
4601,1122
4602,2845
4603,2491
4604,1955
4605,177
4606,1342
4607,1421
4608,348
4609,1830
4610,2296
4611,1982
4612,2594
4613,1519
4614,2234
4615,1184
4616,1932
4617,1626
4618,2651
4619,1358
4620,1654
4621,1404
4622,1746
4623,1873
4624,1038
4625,86
4626,351
4627,2574
4628,1186
4629,1472
4630,1110
4631,1129
4632,1335
4633,455
4634,645
4635,2137
4636,365
4637,1759
4638,2292
4639,2139
4640,2511
4641,2513
4642,205
4643,2566
4644,1122
4645,1088
4646,1573
4647,436
4648,2655
4649,2112
4650,1137
4651,798
4652,2978
4653,688
4654,255
4655,11
4656,2822
4657,2760
4658,1914
4659,1385
4660,533
4661,992
4662,1138
4663,2668
4664,228
4665,905
4666,1182
4667,1214
4668,674
4669,308
4670,1407
4671,92
4672,1185
4673,2628
4674,1030
4675,1929
4676,1017
4677,1069
4678,238
4679,1346
4680,2328
4681,1413
4682,2250
4683,460
4684,747
4685,2720
4686,1209
4687,468
4688,663
4689,1179
4690,1598
4691,1491
4692,285
4693,1493
4694,1471
4695,2019
4696,287
4697,612
4698,482
4699,1085
4700,2306
4701,2227
4702,2594
4703,1503
4704,1608
4705,1264
4706,1240
4707,33
4708,2610
4709,718
4710,1681
4711,2590
4712,1241
4713,389
4714,2012
4715,117
4716,84
4717,53
4718,2177
4719,1170
4720,676
4721,577
4722,2374
4723,1083
4724,2273
4725,1452
4726,2918
4727,760
4728,990
4729,2803
4730,2888
4731,2630
4732,183
4733,1065
4734,1963
4735,172
4736,832
4737,1059
4738,760
4739,1038
4740,1050
4741,2348
4742,685
4743,394
4744,2586
4745,1403
4746,814
4747,1607
4748,2448
4749,909
4750,2408
4751,2802
4752,820
4753,2305
4754,154
4755,1637
4756,2539
4757,2956
4758,281
4759,143
4760,2068
4761,655
4762,1895
4763,2304
4764,1659
4765,2699
4766,2146
4767,2169
4768,1517
4769,1629
4770,1363
4771,663
4772,677
4773,2120
4774,2705
4775,1475
4776,1604
4777,2977
4778,2138
4779,1899
4780,2206
4781,2919
4782,1439
4783,2553
4784,2926
4785,1571
4786,1730
4787,2717
4788,2210
4789,1205
4790,1584
4791,173
4792,2164
4793,1300
4794,803
4795,2819
4796,2965
4797,469
4798,150
4799,735
4800,2656
4801,2379
4802,323
4803,567
4804,1792
4805,394
4806,826
4807,1733
4808,1323
4809,909
4810,140
4811,369
4812,1405
4813,191
4814,492
4815,1288
4816,2543
4817,2280
4818,2574
4819,394
4820,2636
4821,2450
4822,842
4823,1994
4824,2564
4825,1004
4826,818
4827,2069
4828,429
4829,1854
4830,45
4831,41
4832,610
4833,1378
4834,770
4835,2013
4836,1065
4837,1516
4838,995
4839,2890
4840,1214
4841,2550
4842,1352
4843,1684
4844,1400
4845,524
4846,2519
4847,645
4848,1673
4849,1636
4850,50
4851,1322
4852,1017
4853,509
4854,1837
4855,49
4856,1605
4857,154
4858,957
4859,1051
4860,475
4861,2293
4862,1841
4863,183
4864,962
4865,912
4866,589
4867,2755
4868,1104
4869,1192
4870,1594
4871,1653
4872,969
4873,1600
4874,2311
4875,2767
4876,1369
4877,1585
4878,703
4879,914
4880,1238
4881,540
4882,157
4883,1693
4884,1701
4885,1539
4886,2720
4887,2512
4888,2918
4889,462
4890,2357
4891,572
4892,2814
4893,992
4894,2932
4895,2414
4896,2387
4897,2733
4898,1358
4899,54
4900,1216
4901,832
4902,2552
4903,195
4904,2208
4905,2012
4906,2891
4907,182
4908,2532
4909,1621
4910,1037
4911,1132
4912,2621
4913,1748
4914,2722
4915,104
4916,1617
4917,1092
4918,1159
4919,1119
4920,1041
4921,1149
4922,1902
4923,1246
4924,1391
4925,34
4926,2411
4927,1187
4928,2064
4929,668
4930,850
4931,1988
4932,1726
4933,2903
4934,2158
4935,1560
4936,1595
4937,998
4938,754
4939,2635
4940,2760
4941,881
4942,1567
4943,2553
4944,1981
4945,2376
4946,1429
4947,1928
4948,2413
4949,1511
4950,1108
4951,1426
4952,1474
4953,2909
4954,2030
4955,220
4956,113
4957,2032
4958,2281
4959,1287
4960,450
4961,1358
4962,269
4963,121
4964,234
4965,132
4966,2620
4967,1290
4968,572
4969,2687
4970,438
4971,1142
4972,2964
4973,1648
4974,617
4975,2475
4976,589
4977,765
4978,2049
4979,1112
4980,977
4981,2716
4982,56
4983,1051
4984,1427
4985,2839
4986,2250
4987,2799
4988,719
4989,2720
4990,115
4991,997
4992,715
4993,2552
4994,2421
4995,476
4996,361
4997,2276
4998,45
4999,497
5000,2433
