B,F
1,9016
2,7144
3,3326
4,8843
5,8988
6,9902
7,1812
8,6782
9,4552
10,767
11,6039
12,6131
13,4524
14,2649
15,2182
16,2693
17,8846
18,6421
19,5930
20,163
21,5805
22,2185
23,9251
24,3125
25,89
26,7990
27,2502
28,1968
29,9921
30,2315
31,7786
32,8419
33,8422
34,7350
35,8882
36,3044
37,4487
38,8483
39,2951
40,6893
41,979
42,7627
43,6235
44,232
45,9025
46,2817
47,6865
48,712
49,3706
50,7169
51,2078
52,2045
53,5034
54,6115
55,3044
56,8686
57,1572
58,3124
59,3952
60,5482
61,9853
62,2199
63,1153
64,6065
65,7568
66,3219
67,8069
68,7601
69,8016
70,5115
71,9395
72,4636
73,1787
74,3116
75,4670
76,5996
77,4737
78,3155
79,1071
80,3573
81,7385
82,1583
83,6933
84,3760
85,2438
86,1015
87,7209
88,3641
89,8837
90,383
91,7680
92,769
93,7166
94,7256
95,4510
96,2578
97,1867
98,4976
99,9427
100,1637
101,6642
102,3139
103,8987
104,9232
105,9282
106,5330
107,7104
108,4561
109,1549
110,1466
111,8798
112,698
113,6697
114,9123
115,5501
116,1490
117,1664
118,4252
119,1548
120,4924
121,6534
122,2764
123,7898
124,5086
125,136
126,6676
127,2955
128,2110
129,7599
130,3937
131,8101
132,9913
133,9153
134,4681
135,299
136,3156
137,9899
138,462
139,5657
140,8764
141,2811
142,6915
143,1653
144,3007
145,1072
146,2681
147,9418
148,2043
149,1708
150,5900
151,2104
152,954
153,3315
154,9045
155,8473
156,2708
157,2346
158,905
159,8526
160,4721
161,2412
162,2914
163,7981
164,897
165,8340
166,5812
167,537
168,9846
169,3947
170,577
171,6981
172,5383
173,5843
174,5748
175,7926
176,2790
177,1009
178,823
179,4137
180,1254
181,992
182,8768
183,3510
184,882
185,2412
186,1558
187,1340
188,1823
189,9604
190,7269
191,5709
192,8420
193,876
194,2798
195,3462
196,1245
197,7196
198,7874
199,3738
200,83
201,18
202,9314
203,7561
204,7432
205,5584
206,6772
207,6332
208,5529
209,1152
210,9396
211,4453
212,7083
213,9616
214,2247
215,1091
216,2128
217,9770
218,7672
219,2904
220,1323
221,4229
222,4871
223,4832
224,5822
225,8455
226,5112
227,4033
228,3337
229,7568
230,746
231,1749
232,7346
233,499
234,7851
235,6510
236,2409
237,4245
238,9788
239,911
240,3265
241,1486
242,4229
243,2760
244,8467
245,7855
246,3886
247,4145
248,3473
249,4625
250,9883
251,7409
252,2275
253,3296
254,8375
255,8837
256,5437
257,3150
258,6388
259,3941
260,3076
261,8540
262,322
263,9678
264,3233
265,9472
266,9984
267,1305
268,9771
269,7027
270,3637
271,7746
272,6539
273,8732
274,7024
275,9271
276,2444
277,4787
278,5958
279,8141
280,5285
281,465
282,3923
283,9046
284,7431
285,4648
286,2308
287,4371
288,803
289,370
290,8662
291,3945
292,1254
293,5625
294,4994
295,8305
296,982
297,3122
298,8662
299,3849
300,1242
301,9072
302,1053
303,9162
304,5633
305,3191
306,359
307,4763
308,6453
309,4147
310,3420
311,6667
312,2677
313,6205
314,530
315,2623
316,6082
317,3487
318,4204
319,6836
320,952
321,6885
322,5737
323,7024
324,5358
325,2318
326,5098
327,2160
328,3295
329,957
330,3416
331,2060
332,5363
333,5011
334,4810
335,9293
336,1897
337,6762
338,7617
339,1414
340,9160
341,9664
342,428
343,35
344,8182
345,6153
346,2936
347,1249
348,2321
349,8852
350,1187
351,5891
352,9084
353,7676
354,3586
355,9604
356,5144
357,7545
358,9667
359,9858
360,7153
361,8930
362,1376
363,7473
364,2337
365,5196
366,4876
367,6473
368,9239
369,5914
370,463
371,1441
372,4382
373,9619
374,6926
375,7889
376,7491
377,9870
378,9799
379,2827
380,746
381,2457
382,2380
383,5392
384,5658
385,1693
386,1605
387,7457
388,3857
389,4599
390,4052
391,8549
392,9187
393,3076
394,5645
395,6621
396,5708
397,5643
398,583
399,5197
400,94
401,5898
402,572
403,216
404,5620
405,6428
406,9180
407,1988
408,3076
409,7605
410,7149
411,6677
412,6781
413,8119
414,4351
415,1185
416,6336
417,6498
418,4980
419,3261
420,8034
421,5845
422,6790
423,1358
424,7133
425,1846
426,4445
427,8119
428,8091
429,1405
430,6905
431,6402
432,8655
433,2811
434,6147
435,9842
436,4018
437,2266
438,6926
439,9394
440,6252
441,6602
442,2152
443,5998
444,256
445,506
446,2692
447,4655
448,8823
449,8704
450,669
451,505
452,3971
453,6633
454,839
455,9744
456,8480
457,5317
458,2288
459,8271
460,2856
461,3933
462,8093
463,3446
464,5900
465,6376
466,4700
467,8134
468,7487
469,5106
470,2371
471,7159
472,1660
473,1778
474,97
475,496
476,5988
477,2305
478,3955
479,9949
480,668
481,7036
482,3025
483,9749
484,5268
485,9893
486,6825
487,7214
488,2211
489,228
490,951
491,7099
492,3260
493,4232
494,3642
495,8564
496,9450
497,6499
498,1997
499,4985
500,3480
501,1822
502,7567
503,7793
504,1349
505,8443
506,1554
507,7259
508,7877
509,2734
510,6689
511,223
512,2143
513,5202
514,2080
515,9245
516,1411
517,5431
518,3911
519,1870
520,8968
521,3148
522,3418
523,2509
524,4288
525,3164
526,6859
527,4489
528,9613
529,7400
530,5028
531,2283
532,1822
533,4738
534,255
535,1117
536,5706
537,6295
538,9568
539,3961
540,3772
541,397
542,4680
543,9016
544,1985
545,8291
546,539
547,3685
548,1637
549,3837
550,941
551,2641
552,1880
553,9525
554,3866
555,5953
556,7232
557,8914
558,8352
559,5814
560,6878
561,7721
562,4595
563,6271
564,3237
565,5825
566,6969
567,3740
568,3974
569,2600
570,3069
571,4112
572,1946
573,5026
574,4920
575,3082
576,4328
577,537
578,255
579,4066
580,8479
581,1551
582,5019
583,7597
584,5785
585,1271
586,2917
587,4970
588,1481
589,3411
590,2153
591,9716
592,6019
593,2749
594,6674
595,6197
596,5587
597,5437
598,5211
599,7581
600,3622
601,4286
602,9398
603,4770
604,2844
605,586
606,7161
607,9837
608,2348
609,8906
610,4956
611,625
612,62
613,6171
614,9186
615,7734
616,4320
617,155
618,5292
619,7432
620,6312
621,301
622,2026
623,2539
624,9553
625,4682
626,3573
627,3067
628,2205
629,6927
630,155
631,1089
632,8607
633,7967
634,6641
635,1201
636,3788
637,8586
638,3041
639,8822
640,1595
641,4070
642,3930
643,4345
644,4881
645,5330
646,9256
647,3126
648,9509
649,4487
650,1221
651,1656
652,4871
653,4015
654,3950
655,7285
656,8265
657,6373
658,5568
659,612
660,2761
661,5131
662,2779
663,3812
664,3885
665,1660
666,3152
667,6749
668,825
669,3415
670,3999
671,7081
672,2651
673,264
674,6715
675,5151
676,2233
677,8978
678,7984
679,5577
680,2554
681,5080
682,8795
683,2496
684,2689
685,9581
686,9814
687,1243
688,8694
689,2985
690,4995
691,6345
692,6013
693,6678
694,6607
695,2480
696,1452
697,8225
698,7066
699,8241
700,9816
701,6892
702,8169
703,4673
704,8710
705,3122
706,8175
707,3215
708,7682
709,5838
710,3144
711,4591
712,8798
713,3694
714,6724
715,7791
716,6541
717,8664
718,8235
719,954
720,2120
721,8064
722,6475
723,5345
724,7331
725,7881
726,4607
727,6180
728,3047
729,214
730,4920
731,3243
732,5765
733,2874
734,4445
735,7461
736,9925
737,1945
738,9963
739,4865
740,8163
741,3752
742,9758
743,7019
744,7728
745,2313
746,2487
747,9867
748,3725
749,8148
750,3010
751,9430
752,5764
753,2533
754,4713
755,2988
756,4562
757,5660
758,5858
759,4567
760,8365
761,4040
762,7356
763,3839
764,7813
765,1267
766,7763
767,7893
768,9076
769,4264
770,1099
771,6865
772,838
773,1818
774,1798
775,7682
776,1250
777,8914
778,6254
779,5308
780,819
781,457
782,6057
783,1492
784,9416
785,6213
786,598
787,2434
788,5361
789,7243
790,6829
791,8712
792,6082
793,8341
794,281
795,1538
796,2749
797,9748
798,3253
799,991
800,7160
801,7059
802,1814
803,8634
804,5870
805,4579
806,2439
807,4046
808,8865
809,7265
810,3741
811,6205
812,8131
813,213
814,5557
815,1556
816,6459
817,6110
818,1759
819,1885
820,9893
821,9011
822,4314
823,2656
824,3385
825,6134
826,2876
827,8566
828,1730
829,2773
830,7872
831,4992
832,8229
833,4212
834,8736
835,544
836,8852
837,819
838,7672
839,1311
840,9507
841,3124
842,8609
843,8303
844,6998
845,9383
846,2287
847,1117
848,1593
849,8962
850,6128
851,9444
852,2414
853,6297
854,7571
855,9490
856,1018
857,6047
858,2087
859,1079
860,9116
861,43
862,8292
863,2474
864,2128
865,1352
866,8881
867,714
868,5174
869,5836
870,2081
871,7766
872,9514
873,3818
874,838
875,2295
876,8935
877,3897
878,5901
879,2619
880,7246
881,4682
882,6249
883,1711
884,4084
885,5559
886,4209
887,9950
888,3680
889,5722
890,2218
891,7929
892,6488
893,4301
894,7897
895,5212
896,3782
897,471
898,4105
899,3502
900,7983
901,2620
902,1529
903,6919
904,7108
905,2801
906,2303
907,7074
908,5131
909,4935
910,1634
911,8853
912,6702
913,3131
914,603
915,533
916,6236
917,8884
918,2899
919,6243
920,3185
921,1712
922,4034
923,6043
924,2993
925,2628
926,5172
927,1058
928,2033
929,6383
930,2430
931,2428
932,6791
933,7235
934,6283
935,6006
936,7071
937,1699
938,5197
939,2024
940,687
941,3024
942,4592
943,4366
944,6056
945,9945
946,4101
947,1312
948,14
949,6611
950,8475
951,5564
952,3438
953,2066
954,9711
955,7289
956,9645
957,6080
958,5596
959,7074
960,7937
961,3186
962,6414
963,9552
964,3891
965,912
966,3527
967,8596
968,6378
969,1678
970,6747
971,8408
972,8656
973,9459
974,3254
975,3942
976,9703
977,9812
978,7753
979,8966
980,2341
981,7402
982,564
983,44
984,5772
985,5195
986,5550
987,9270
988,5175
989,7887
990,1785
991,3276
992,791
993,6073
994,5477
995,834
996,7310
997,1678
998,2761
999,9420
1000,3571
1001,7238
1002,4396
1003,4513
1004,128
1005,9716
1006,1435
1007,3214
1008,1175
1009,2047
1010,8321
1011,5377
1012,3302
1013,454
1014,9488
1015,5695
1016,3461
1017,6514
1018,8829
1019,1574
1020,703
1021,1157
1022,7480
1023,6632
1024,3755
1025,4371
1026,9889
1027,9576
1028,6734
1029,8342
1030,2606
1031,2202
1032,9452
1033,3797
1034,9553
1035,1053
1036,8386
1037,4629
1038,3759
1039,378
1040,2650
1041,7574
1042,582
1043,5122
1044,552
1045,1225
1046,6150
1047,4404
1048,7863
1049,4137
1050,9364
1051,8705
1052,6918
1053,5109
1054,3455
1055,2517
1056,3117
1057,9900
1058,875
1059,8215
1060,2742
1061,8551
1062,7920
1063,6865
1064,6346
1065,2726
1066,8095
1067,661
1068,5037
1069,7974
1070,2024
1071,43
1072,1692
1073,7840
1074,2803
1075,7159
1076,830
1077,4239
1078,5376
1079,9535
1080,5398
1081,679
1082,2928
1083,1870
1084,7098
1085,5297
1086,1300
1087,6937
1088,3707
1089,7161
1090,9707
1091,9984
1092,7466
1093,8804
1094,9651
1095,2477
1096,4645
1097,7705
1098,5656
1099,1397
1100,2538
1101,9030
1102,4276
1103,9537
1104,5118
1105,2133
1106,8856
1107,13
1108,2927
1109,9894
1110,7528
1111,1561
1112,6975
1113,3092
1114,5775
1115,171
1116,7733
1117,2850
1118,8490
1119,7209
1120,1774
1121,1412
1122,1551
1123,9786
1124,7529
1125,2383
1126,118
1127,9135
1128,1321
1129,5788
1130,4281
1131,1882
1132,1376
1133,668
1134,4485
1135,1666
1136,3280
1137,8144
1138,8926
1139,3258
1140,4936
1141,9515
1142,9281
1143,9697
1144,1788
1145,8145
1146,1805
1147,4144
1148,5426
1149,3092
1150,589
1151,3387
1152,5460
1153,3141
1154,2303
1155,2632
1156,2641
1157,899
1158,2477
1159,4722
1160,3850
1161,7074
1162,7230
1163,2468
1164,7436
1165,9828
1166,8047
1167,3463
1168,5041
1169,7294
1170,8366
1171,3623
1172,8915
1173,5656
1174,7889
1175,1514
1176,5205
1177,4463
1178,9409
1179,3241
1180,6539
1181,6849
1182,4468
1183,2018
1184,439
1185,6452
1186,2073
1187,3434
1188,7656
1189,3597
1190,1249
1191,9720
1192,6597
1193,6767
1194,1042
1195,3398
1196,9676
1197,5488
1198,261
1199,5543
1200,6275
1201,3659
1202,7985
1203,390
1204,7768
1205,1907
1206,6723
1207,5995
1208,5489
1209,5213
1210,6199
1211,5111
1212,3983
1213,2352
1214,5289
1215,2872
1216,9042
1217,7777
1218,9617
1219,5792
1220,3278
1221,4511
1222,5794
1223,3469
1224,8945
1225,5661
1226,4817
1227,896
1228,6924
1229,5134
1230,5853
1231,1180
1232,3884
1233,3659
1234,8500
1235,4571
1236,4008
1237,3602
1238,6851
1239,2827
1240,1588
1241,5009
1242,1595
1243,3572
1244,9809
1245,6278
1246,3141
1247,2097
1248,5718
1249,9274
1250,3957
1251,7207
1252,5396
1253,1276
1254,1256
1255,1609
1256,1893
1257,6354
1258,6854
1259,2620
1260,1665
1261,3875
1262,605
1263,4335
1264,7179
1265,219
1266,5613
1267,3817
1268,2400
1269,7799
1270,6793
1271,4197
1272,6992
1273,3479
1274,4969
1275,6132
1276,8717
1277,1477
1278,6554
1279,2091
1280,6997
1281,9788
1282,3167
1283,436
1284,5010
1285,7798
1286,9344
1287,9068
1288,3285
1289,6504
1290,9946
1291,5636
1292,2672
1293,7074
1294,5759
1295,7700
1296,7271
1297,9174
1298,5544
1299,2114
1300,7403
1301,9743
1302,6574
1303,1577
1304,4889
1305,7151
1306,4024
1307,8709
1308,7938
1309,409
1310,4713
1311,3745
1312,7379
1313,6646
1314,1786
1315,7144
1316,8997
1317,6664
1318,8187
1319,6214
1320,3704
1321,9402
1322,6382
1323,8895
1324,4762
1325,1888
1326,8379
1327,3345
1328,4053
1329,5147
1330,9694
1331,1433
1332,4364
1333,9821
1334,8042
1335,2921
1336,9547
1337,5535
1338,6791
1339,4920
1340,3580
1341,9786
1342,9155
1343,478
1344,6253
1345,8725
1346,1049
1347,2376
1348,445
1349,3181
1350,9667
1351,9871
1352,67
1353,8814
1354,4059
1355,6915
1356,6430
1357,6136
1358,3177
1359,8303
1360,8776
1361,5386
1362,8234
1363,2717
1364,3651
1365,8266
1366,1804
1367,4727
1368,9239
1369,843
1370,5843
1371,9939
1372,522
1373,1291
1374,9461
1375,2348
1376,207
1377,2087
1378,2317
1379,9568
1380,7805
1381,4987
1382,1544
1383,5731
1384,1935
1385,6747
1386,8838
1387,8792
1388,2299
1389,4376
1390,5606
1391,3853
1392,7801
1393,5136
1394,1370
1395,5061
1396,7184
1397,4658
1398,477
1399,7157
1400,1957
1401,4809
1402,8331
1403,6485
1404,3877
1405,4738
1406,6235
1407,1483
1408,8226
1409,8282
1410,541
1411,4464
1412,7007
1413,4943
1414,2427
1415,721
1416,8097
1417,6292
1418,6709
1419,1918
1420,4996
1421,5591
1422,9817
1423,6732
1424,2405
1425,9729
1426,2977
1427,2845
1428,1123
1429,3446
1430,3858
1431,3493
1432,4118
1433,886
1434,586
1435,9416
1436,3613
1437,7578
1438,3155
1439,5859
1440,7770
1441,5507
1442,6671
1443,5009
1444,9913
1445,109
1446,5772
1447,8098
1448,5914
1449,9772
1450,2581
1451,6270
1452,9476
1453,3726
1454,7488
1455,3780
1456,3692
1457,8634
1458,7380
1459,641
1460,6659
1461,6444
1462,869
1463,9785
1464,340
1465,2788
1466,8778
1467,9086
1468,8699
1469,7848
1470,1685
1471,7236
1472,2511
1473,7728
1474,2192
1475,9063
1476,6572
1477,7521
1478,5476
1479,3830
1480,785
1481,2233
1482,7259
1483,6350
1484,6586
1485,820
1486,3934
1487,4813
1488,5549
1489,9218
1490,2843
1491,9027
1492,1693
1493,8596
1494,3436
1495,7434
1496,1551
1497,8562
1498,3272
1499,4987
1500,9978
1501,131
1502,3067
1503,1745
1504,6495
1505,1040
1506,3228
1507,2248
1508,5832
1509,7803
1510,8061
1511,8670
1512,2536
1513,7423
1514,8358
1515,5140
1516,6670
1517,3103
1518,4268
1519,5266
1520,7068
1521,5766
1522,9788
1523,5539
1524,6243
1525,3167
1526,3201
1527,9911
1528,6664
1529,358
1530,2466
1531,9729
1532,4884
1533,2621
1534,3320
1535,7338
1536,6720
1537,3982
1538,5430
1539,5911
1540,2251
1541,2070
1542,3870
1543,3166
1544,9536
1545,9044
1546,2174
1547,1152
1548,2325
1549,522
1550,6751
1551,3799
1552,5937
1553,5907
1554,493
1555,4999
1556,286
1557,6033
1558,5291
1559,8942
1560,7719
1561,3199
1562,2888
1563,9999
1564,6541
1565,6977
1566,4145
1567,3021
1568,9784
1569,7072
1570,3669
1571,4434
1572,4022
1573,5740
1574,2509
1575,93
1576,8777
1577,2326
1578,5008
1579,6450
1580,9610
1581,1793
1582,7223
1583,3213
1584,4656
1585,1900
1586,6304
1587,5094
1588,7514
1589,5816
1590,34
1591,7992
1592,4987
1593,6401
1594,6435
1595,3288
1596,9140
1597,4174
1598,5271
1599,5022
1600,24
1601,6543
1602,1071
1603,7234
1604,3595
1605,6203
1606,4871
1607,8769
1608,2581
1609,5443
1610,9419
1611,5343
1612,6459
1613,5565
1614,5091
1615,5693
1616,9704
1617,9764
1618,5139
1619,9180
1620,676
1621,9648
1622,6355
1623,6952
1624,2786
1625,8374
1626,246
1627,3079
1628,7943
1629,1183
1630,382
1631,9314
1632,1409
1633,7772
1634,6202
1635,7066
1636,1468
1637,7014
1638,9121
1639,981
1640,4817
1641,4017
1642,3210
1643,6798
1644,1508
1645,2213
1646,6238
1647,3121
1648,6423
1649,4983
1650,1474
1651,744
1652,5466
1653,9258
1654,6127
1655,4494
1656,5852
1657,1368
1658,960
1659,2473
1660,4386
1661,7235
1662,596
1663,8116
1664,1904
1665,5598
1666,6690
1667,2028
1668,3893
1669,9125
1670,2212
1671,509
1672,7269
1673,777
1674,2155
1675,7474
1676,5884
1677,8234
1678,6299
1679,8034
1680,8174
1681,6508
1682,2548
1683,2829
1684,2766
1685,1281
1686,5662
1687,3802
1688,7581
1689,5742
1690,1517
1691,8885
1692,5304
1693,2704
1694,6159
1695,7005
1696,8852
1697,8074
1698,5974
1699,4546
1700,184
1701,2251
1702,2505
1703,9626
1704,7041
1705,5742
1706,7091
1707,4238
1708,5275
1709,2344
1710,9865
1711,7034
1712,7463
1713,2394
1714,3661
1715,6686
1716,5836
1717,7330
1718,6838
1719,7685
1720,1017
1721,4939
1722,1428
1723,5778
1724,392
1725,3284
1726,1720
1727,5386
1728,3875
1729,4421
1730,5132
1731,8649
1732,2731
1733,7633
1734,3069
1735,5225
1736,5090
1737,9122
1738,9709
1739,3631
1740,8931
1741,508
1742,308
1743,6745
1744,9877
1745,5802
1746,4894
1747,785
1748,4703
1749,1679
1750,3006
1751,7359
1752,4393
1753,1221
1754,6728
1755,9956
1756,8982
1757,1717
1758,5220
1759,6580
1760,1972
1761,1140
1762,4469
1763,5701
1764,4436
1765,3594
1766,1715
1767,2201
1768,429
1769,9823
1770,2501
1771,2210
1772,7418
1773,6787
1774,6247
1775,3978
1776,5911
1777,3930
1778,7082
1779,4458
1780,2643
1781,7778
1782,5928
1783,6196
1784,6707
1785,9267
1786,2571
1787,4801
1788,1831
1789,6257
1790,5722
1791,6533
1792,6383
1793,1010
1794,9534
1795,7338
1796,9628
1797,8129
1798,3022
1799,4272
1800,884
1801,9260
1802,7814
1803,3772
1804,5429
1805,9177
1806,2222
1807,2175
1808,7854
1809,9609
1810,1507
1811,5884
1812,1447
1813,8038
1814,7040
1815,2893
1816,6592
1817,6973
1818,8630
1819,1026
1820,6519
1821,3975
1822,1395
1823,5294
1824,3737
1825,8688
1826,8272
1827,8153
1828,9419
1829,2291
1830,5857
1831,9290
1832,2280
1833,7778
1834,2752
1835,9979
1836,7093
1837,7026
1838,2495
1839,6929
1840,8627
1841,6449
1842,6072
1843,8688
1844,6444
1845,135
1846,923
1847,3249
1848,6572
1849,5898
1850,3269
1851,421
1852,1635
1853,5410
1854,9511
1855,2744
1856,7992
1857,3308
1858,126
1859,8120
1860,2834
1861,439
1862,1546
1863,6804
1864,3513
1865,9031
1866,8520
1867,7998
1868,8279
1869,7406
1870,995
1871,5779
1872,6292
1873,8153
1874,4160
1875,8074
1876,2933
1877,7357
1878,8309
1879,2446
1880,4759
1881,9790
1882,3965
1883,3578
1884,5045
1885,8058
1886,9269
1887,2964
1888,2483
1889,353
1890,9210
1891,7143
1892,3421
1893,1979
1894,1776
1895,3627
1896,6273
1897,4287
1898,5182
1899,2144
1900,1813
1901,6515
1902,1254
1903,7518
1904,2162
1905,797
1906,9865
1907,6764
1908,8440
1909,7448
1910,9910
1911,4905
1912,6465
1913,570
1914,7812
1915,6444
1916,6374
1917,6637
1918,7328
1919,1196
1920,5337
1921,3975
1922,1030
1923,9249
1924,6827
1925,3536
1926,3074
1927,6992
1928,4237
1929,4200
1930,4002
1931,9868
1932,2306
1933,9124
1934,7313
1935,3670
1936,7700
1937,9857
1938,5258
1939,1126
1940,5346
1941,2644
1942,1030
1943,9388
1944,6238
1945,7659
1946,4225
1947,5392
1948,8361
1949,3286
1950,3836
1951,6419
1952,9006
1953,5601
1954,2979
1955,9049
1956,3778
1957,3527
1958,7267
1959,3640
1960,5551
1961,3866
1962,2432
1963,4892
1964,475
1965,8030
1966,7240
1967,8824
1968,130
1969,3770
1970,7044
1971,1124
1972,991
1973,488
1974,3002
1975,6596
1976,8652
1977,4840
1978,3635
1979,9121
1980,8149
1981,2383
1982,4100
1983,1797
1984,7874
1985,5425
1986,805
1987,7865
1988,4482
1989,6781
1990,7451
1991,7576
1992,284
1993,3151
1994,8750
1995,2558
1996,352
1997,926
1998,5166
1999,5629
2000,5008
2001,3596
2002,2262
2003,3001
2004,4612
2005,2861
2006,5931
2007,7329
2008,3425
2009,6305
2010,8221
2011,9094
2012,536
2013,173
2014,7958
2015,5847
2016,1335
2017,330
2018,2256
2019,273
2020,7016
2021,221
2022,5991
2023,3314
2024,4870
2025,1991
2026,2065
2027,3008
2028,8057
2029,8806
2030,3184
2031,2389
2032,6216
2033,802
2034,7571
2035,8609
2036,5507
2037,4371
2038,2540
2039,7796
2040,7450
2041,1765
2042,276
2043,4506
2044,8202
2045,6901
2046,1570
2047,5244
2048,9590
2049,8135
2050,4640
2051,2906
2052,9516
2053,3263
2054,503
2055,6719
2056,2031
2057,7177
2058,9350
2059,6500
2060,3035
2061,8795
2062,4840
2063,5635
2064,1945
2065,5367
2066,1977
2067,4781
2068,6502
2069,5200
2070,2251
2071,2148
2072,3847
2073,770
2074,7072
2075,6532
2076,9486
2077,1073
2078,2580
2079,7168
2080,2868
2081,3960
2082,2648
2083,9687
2084,3155
2085,7229
2086,158
2087,8573
2088,3046
2089,71
2090,7332
2091,4803
2092,8578
2093,3028
2094,5116
2095,2673
2096,9395
2097,5901
2098,9126
2099,1893
2100,6664
2101,4948
2102,8472
2103,7095
2104,3769
2105,9445
2106,3919
2107,4058
2108,9701
2109,4389
2110,6166
2111,4470
2112,1656
2113,1076
2114,3813
2115,8001
2116,7960
2117,5927
2118,5423
2119,4040
2120,3196
2121,3171
2122,3829
2123,9418
2124,2882
2125,24
2126,1014
2127,8064
2128,3725
2129,770
2130,8192
2131,1825
2132,5651
2133,5957
2134,8905
2135,3419
2136,8567
2137,9268
2138,405
2139,9136
2140,8671
2141,1825
2142,3510
2143,8587
2144,1043
2145,6606
2146,7527
2147,4210
2148,7446
2149,7422
2150,9898
2151,869
2152,5201
2153,1454
2154,8590
2155,3522
2156,4260
2157,4772
2158,9244
2159,9157
2160,9239
2161,5683
2162,9132
2163,6915
2164,9891
2165,1538
2166,4249
2167,349
2168,9088
2169,7372
2170,5392
2171,9876
2172,4445
2173,4059
2174,8443
2175,3294
2176,3876
2177,328
2178,8947
2179,4786
2180,8521
2181,2881
2182,6512
2183,6291
2184,4739
2185,6828
2186,8829
2187,5195
2188,4660
2189,1775
2190,7836
2191,4236
2192,2020
2193,2893
2194,6230
2195,4749
2196,9268
2197,5493
2198,7604
2199,1640
2200,4945
2201,593
2202,6723
2203,801
2204,9238
2205,4579
2206,7139
2207,1219
2208,3176
2209,7150
2210,86
2211,4113
2212,336
2213,2760
2214,2296
2215,1617
2216,1986
2217,7552
2218,2921
2219,6728
2220,5803
2221,2418
2222,5848
2223,3458
2224,6050
2225,3465
2226,4430
2227,850
2228,6916
2229,7778
2230,9576
2231,5587
2232,3789
2233,4057
2234,5884
2235,7879
2236,3085
2237,6152
2238,5146
2239,3356
2240,9535
2241,429
2242,602
2243,4236
2244,3550
2245,8031
2246,3328
2247,8684
2248,7955
2249,4021
2250,7592
2251,6028
2252,8948
2253,8079
2254,4573
2255,6249
2256,7515
2257,5187
2258,3074
2259,4793
2260,1728
2261,9912
2262,3072
2263,2684
2264,4977
2265,5014
2266,6892
2267,7158
2268,474
2269,7247
2270,5859
2271,7754
2272,7357
2273,2232
2274,8914
2275,3032
2276,8964
2277,7651
2278,2267
2279,4783
2280,8048
2281,6412
2282,6600
2283,5979
2284,6572
2285,1083
2286,5279
2287,6118
2288,7475
2289,7019
2290,6510
2291,879
2292,578
2293,659
2294,8391
2295,7138
2296,1023
2297,1668
2298,1627
2299,8017
2300,5654
2301,7069
2302,721
2303,2725
2304,5892
2305,1072
2306,5052
2307,4509
2308,715
2309,8951
2310,1561
2311,3472
2312,2563
2313,1072
2314,6663
2315,9026
2316,8027
2317,8543
2318,5164
2319,9240
2320,4557
2321,186
2322,4551
2323,3680
2324,7743
2325,954
2326,3697
2327,2583
2328,5652
2329,5942
2330,2791
2331,6491
2332,6343
2333,1923
2334,5974
2335,9121
2336,5198
2337,760
2338,873
2339,8200
2340,7261
2341,4729
2342,8334
2343,9377
2344,2400
2345,6047
2346,4728
2347,1083
2348,8175
2349,2066
2350,5596
2351,9648
2352,3313
2353,5543
2354,8644
2355,4599
2356,8087
2357,1348
2358,8977
2359,7502
2360,8107
2361,9344
2362,4702
2363,6456
2364,3591
2365,9102
2366,5876
2367,3057
2368,644
2369,7556
2370,4076
2371,1995
2372,2820
2373,9214
2374,9982
2375,4119
2376,3909
2377,6108
2378,772
2379,1112
2380,6972
2381,5958
2382,6556
2383,3420
2384,3001
2385,5219
2386,424
2387,6909
2388,7094
2389,6731
2390,6423
2391,8687
2392,5268
2393,1347
2394,7899
2395,7852
2396,8809
2397,5885
2398,9651
2399,3021
2400,5308
2401,1763
2402,1126
2403,4489
2404,8770
2405,6771
2406,7613
2407,7101
2408,5675
2409,6514
2410,3406
2411,9119
2412,3640
2413,9924
2414,180
2415,9050
2416,8977
2417,8382
2418,4738
2419,8115
2420,8996
2421,3507
2422,5517
2423,9520
2424,2410
2425,3515
2426,6949
2427,6590
2428,867
2429,5686
2430,7580
2431,9254
2432,9040
2433,7561
2434,9714
2435,6282
2436,5369
2437,7708
2438,1040
2439,2396
2440,473
2441,432
2442,5642
2443,2345
2444,3043
2445,8621
2446,1994
2447,2551
2448,3559
2449,1992
2450,7493
2451,7897
2452,3880
2453,4394
2454,4247
2455,9531
2456,7960
2457,5654
2458,7756
2459,7517
2460,482
2461,6314
2462,3080
2463,2628
2464,7032
2465,2061
2466,4814
2467,5842
2468,5261
2469,1478
2470,9463
2471,5611
2472,3264
2473,1008
2474,3067
2475,7579
2476,4013
2477,9576
2478,5037
2479,8044
2480,2319
2481,8853
2482,465
2483,3820
2484,7460
2485,8648
2486,9845
2487,7784
2488,7595
2489,6410
2490,4218
2491,3312
2492,9238
2493,9096
2494,4409
2495,8152
2496,6135
2497,4847
2498,2958
2499,802
2500,9832
2501,3637
2502,1977
2503,6125
2504,6452
2505,2653
2506,6813
2507,2915
2508,982
2509,4866
2510,2866
2511,3527
2512,3526
2513,1394
2514,7647
2515,3908
2516,7144
2517,9336
2518,2859
2519,2067
2520,773
2521,263
2522,9897
2523,6065
2524,3867
2525,8333
2526,5804
2527,6210
2528,6464
2529,306
2530,2081
2531,3550
2532,8446
2533,5653
2534,8106
2535,4612
2536,3884
2537,8925
2538,1086
2539,5730
2540,6313
2541,4012
2542,8800
2543,644
2544,119
2545,2815
2546,1831
2547,2793
2548,1937
2549,3114
2550,4155
2551,5814
2552,2377
2553,2319
2554,5862
2555,6312
2556,8572
2557,3080
2558,63
2559,7195
2560,251
2561,9520
2562,5692
2563,8997
2564,5946
2565,7518
2566,933
2567,4881
2568,7397
2569,5623
2570,3783
2571,6054
2572,5807
2573,1968
2574,527
2575,228
2576,2820
2577,2204
2578,8457
2579,8832
2580,2915
2581,8505
2582,2587
2583,3416
2584,8273
2585,6736
2586,6526
2587,5123
2588,7137
2589,2719
2590,8871
2591,8173
2592,3633
2593,9782
2594,9889
2595,826
2596,6013
2597,9008
2598,3302
2599,8381
2600,1046
2601,6918
2602,2973
2603,5331
2604,7234
2605,2894
2606,8341
2607,4832
2608,4100
2609,532
2610,5336
2611,9451
2612,5523
2613,9852
2614,1653
2615,6834
2616,6302
2617,9490
2618,4631
2619,3201
2620,8949
2621,486
2622,8604
2623,1620
2624,8559
2625,290
2626,6546
2627,4395
2628,5521
2629,9684
2630,4173
2631,2102
2632,3854
2633,2215
2634,9343
2635,8504
2636,3667
2637,4473
2638,2962
2639,2614
2640,6110
2641,6744
2642,5154
2643,4128
2644,7897
2645,9135
2646,1836
2647,863
2648,4517
2649,1712
2650,3299
2651,4081
2652,8412
2653,8290
2654,2580
2655,1208
2656,7608
2657,7088
2658,510
2659,2869
2660,5734
2661,7770
2662,4357
2663,8844
2664,5331
2665,1996
2666,2164
2667,4942
2668,7912
2669,4624
2670,9619
2671,1321
2672,7495
2673,9949
2674,9538
2675,5077
2676,5385
2677,9606
2678,2192
2679,7939
2680,8807
2681,4096
2682,667
2683,4677
2684,5628
2685,5151
2686,4184
2687,3564
2688,4313
2689,8594
2690,1394
2691,793
2692,1479
2693,6254
2694,8033
2695,8870
2696,5354
2697,2306
2698,9087
2699,8159
2700,9521
2701,275
2702,5896
2703,9676
2704,8816
2705,5592
2706,6124
2707,5384
2708,7628
2709,1174
2710,806
2711,8583
2712,103
2713,6122
2714,7458
2715,4676
2716,6374
2717,2667
2718,7652
2719,7425
2720,3925
2721,9207
2722,2997
2723,230
2724,3167
2725,4410
2726,5367
2727,7920
2728,5419
2729,7723
2730,245
2731,7167
2732,5634
2733,1871
2734,3924
2735,353
2736,8717
2737,8985
2738,6749
2739,957
2740,1239
2741,7317
2742,6512
2743,2693
2744,8167
2745,8814
2746,345
2747,9851
2748,8102
2749,1404
2750,3718
2751,104
2752,8322
2753,749
2754,5940
2755,3103
2756,6085
2757,5568
2758,6378
2759,8011
2760,3026
2761,2288
2762,9747
2763,9933
2764,5226
2765,3101
2766,473
2767,6286
2768,3059
2769,415
2770,8007
2771,6931
2772,8934
2773,2329
2774,9588
2775,3119
2776,81
2777,1347
2778,3266
2779,2748
2780,3580
2781,2377
2782,993
2783,1602
2784,2071
2785,7544
2786,696
2787,3918
2788,7583
2789,209
2790,1528
2791,9185
2792,4671
2793,2187
2794,7334
2795,7536
2796,6249
2797,2173
2798,1000
2799,305
2800,6197
2801,5108
2802,8667
2803,2855
2804,5158
2805,6141
2806,5860
2807,123
2808,2082
2809,7665
2810,9892
2811,4520
2812,695
2813,2707
2814,3262
2815,4373
2816,1713
2817,4920
2818,2831
2819,3136
2820,8682
2821,4042
2822,6499
2823,7451
2824,1527
2825,8298
2826,2508
2827,3250
2828,2645
2829,5636
2830,8394
2831,8824
2832,4673
2833,5267
2834,1875
2835,439
2836,9249
2837,8542
2838,661
2839,5920
2840,4496
2841,9427
2842,25
2843,8613
2844,3513
2845,4624
2846,1249
2847,6148
2848,5822
2849,4086
2850,9223
2851,1008
2852,1644
2853,8581
2854,5268
2855,2164
2856,9861
2857,6588
2858,437
2859,3481
2860,2453
2861,6448
2862,7444
2863,2805
2864,5053
2865,5981
2866,8427
2867,6434
2868,9927
2869,7308
2870,6259
2871,7775
2872,5238
2873,3499
2874,5172
2875,3930
2876,4142
2877,4002
2878,7345
2879,9874
2880,9412
2881,4054
2882,273
2883,7580
2884,957
2885,8878
2886,662
2887,1394
2888,4231
2889,1160
2890,7372
2891,4557
2892,2415
2893,7545
2894,6041
2895,7816
2896,922
2897,925
2898,180
2899,9704
2900,7181
2901,1449
2902,2835
2903,6490
2904,930
2905,8689
2906,9132
2907,1467
2908,2489
2909,6620
2910,2461
2911,5930
2912,1748
2913,9667
2914,8269
2915,962
2916,2696
2917,4785
2918,9182
2919,399
2920,7516
2921,3281
2922,7163
2923,1239
2924,8624
2925,5507
2926,3500
2927,3041
2928,487
2929,9116
2930,7323
2931,1257
2932,679
2933,1129
2934,7295
2935,7373
2936,8895
2937,2867
2938,611
2939,4754
2940,8927
2941,6751
2942,8687
2943,8571
2944,3829
2945,8706
2946,8070
2947,4382
2948,7600
2949,3709
2950,4766
2951,8646
2952,2523
2953,3869
2954,3905
2955,5480
2956,5013
2957,6617
2958,4457
2959,549
2960,5512
2961,3574
2962,3443
2963,8776
2964,1356
2965,135
2966,5635
2967,9696
2968,1924
2969,3802
2970,7673
2971,4981
2972,2263
2973,8273
2974,1508
2975,376
2976,8986
2977,5680
2978,187
2979,3784
2980,5064
2981,5747
2982,5701
2983,4608
2984,152
2985,8870
2986,847
2987,6997
2988,7561
2989,161
2990,3788
2991,5450
2992,6676
2993,5210
2994,7473
2995,9205
2996,7611
2997,5671
2998,5498
2999,3041
3000,3614
3001,1481
3002,3621
3003,1409
3004,840
3005,6771
3006,7271
3007,8403
3008,9271
3009,2718
3010,206
3011,1522
3012,1854
3013,4418
3014,2531
3015,1779
3016,6651
3017,6118
3018,8905
3019,8431
3020,1263
3021,5296
3022,8407
3023,7843
3024,8247
3025,9204
3026,935
3027,9926
3028,1426
3029,5917
3030,2788
3031,1072
3032,8579
3033,4802
3034,5787
3035,4838
3036,3386
3037,3806
3038,8383
3039,375
3040,8006
3041,5274
3042,4952
3043,1810
3044,7883
3045,8949
3046,5705
3047,2226
3048,7353
3049,4947
3050,5635
3051,2269
3052,9356
3053,2155
3054,9381
3055,7922
3056,786
3057,3781
3058,8994
3059,1312
3060,9785
3061,877
3062,8841
3063,4258
3064,7220
3065,2700
3066,4690
3067,2634
3068,3461
3069,2382
3070,6484
3071,6917
3072,4410
3073,5762
3074,7108
3075,9466
3076,7310
3077,7819
3078,6610
3079,7086
3080,8015
3081,590
3082,6905
3083,7075
3084,3922
3085,9033
3086,3089
3087,435
3088,4201
3089,9601
3090,8508
3091,8170
3092,8180
3093,9999
3094,9293
3095,4408
3096,646
3097,8804
3098,2801
3099,8829
3100,597
3101,5382
3102,241
3103,152
3104,7849
3105,3197
3106,2531
3107,6621
3108,3355
3109,7101
3110,6384
3111,5232
3112,6207
3113,5341
3114,1535
3115,2300
3116,5738
3117,9148
3118,4242
3119,4865
3120,5460
3121,6268
3122,6163
3123,1773
3124,6716
3125,7389
3126,7970
3127,7962
3128,539
3129,814
3130,1566
3131,413
3132,2327
3133,8717
3134,3133
3135,4488
3136,4991
3137,7263
3138,7856
3139,681
3140,7337
3141,104
3142,154
3143,4477
3144,1812
3145,3713
3146,5283
3147,9813
3148,8398
3149,9664
3150,8293
3151,7215
3152,8226
3153,2314
3154,5348
3155,5348
3156,1212
3157,3941
3158,427
3159,9381
3160,1033
3161,3879
3162,8914
3163,1982
3164,9031
3165,7493
3166,8100
3167,9107
3168,1145
3169,8407
3170,2997
3171,5992
3172,5654
3173,6302
3174,8756
3175,9952
3176,208
3177,6427
3178,6985
3179,4067
3180,2710
3181,1230
3182,900
3183,2329
3184,1326
3185,2387
3186,347
3187,2171
3188,497
3189,2766
3190,3699
3191,5967
3192,4629
3193,1115
3194,9209
3195,1533
3196,7042
3197,9355
3198,7464
3199,2755
3200,856
3201,358
3202,5076
3203,2032
3204,8399
3205,9718
3206,40
3207,4445
3208,3173
3209,802
3210,1089
3211,500
3212,9109
3213,7716
3214,152
3215,7775
3216,4460
3217,8729
3218,287
3219,3722
3220,5875
3221,6108
3222,5782
3223,8805
3224,874
3225,4953
3226,1468
3227,1776
3228,5685
3229,3554
3230,9820
3231,3693
3232,129
3233,3789
3234,7100
3235,3884
3236,8166
3237,4112
3238,8181
3239,2635
3240,5220
3241,5742
3242,4080
3243,3983
3244,444
3245,535
3246,7016
3247,1875
3248,4867
3249,4668
3250,7379
3251,7329
3252,5437
3253,9529
3254,3896
3255,4659
3256,7669
3257,5868
3258,469
3259,9504
3260,4212
3261,4825
3262,1669
3263,5197
3264,9707
3265,5058
3266,3801
3267,2391
3268,790
3269,1991
3270,9902
3271,2573
3272,9105
3273,8199
3274,4931
3275,7074
3276,7089
3277,2777
3278,5776
3279,7896
3280,7723
3281,5527
3282,5763
3283,4863
3284,9284
3285,7948
3286,5922
3287,9699
3288,9264
3289,9341
3290,8210
3291,3214
3292,7768
3293,37
3294,3000
3295,8119
3296,5199
3297,3841
3298,2682
3299,5648
3300,9778
3301,638
3302,3504
3303,680
3304,8313
3305,9803
3306,5204
3307,6982
3308,6932
3309,4450
3310,6511
3311,3444
3312,8449
3313,8134
3314,9840
3315,1835
3316,9951
3317,1519
3318,8819
3319,2594
3320,6272
3321,3007
3322,7474
3323,6800
3324,3956
3325,262
3326,1230
3327,1813
3328,7328
3329,3969
3330,1489
3331,7723
3332,520
3333,8026
3334,501
3335,3379
3336,7909
3337,698
3338,8654
3339,6299
3340,3732
3341,851
3342,6248
3343,7577
3344,8771
3345,7251
3346,6798
3347,2124
3348,2884
3349,5555
3350,73
3351,5127
3352,8362
3353,4477
3354,5494
3355,3232
3356,7212
3357,9544
3358,7216
3359,3148
3360,5612
3361,3158
3362,5581
3363,9825
3364,1953
3365,7279
3366,11
3367,6091
3368,1935
3369,7093
3370,3021
3371,7876
3372,9892
3373,7951
3374,1327
3375,1737
3376,6602
3377,9899
3378,11
3379,2596
3380,5310
3381,9844
3382,7495
3383,7541
3384,8962
3385,675
3386,4161
3387,2265
3388,8672
3389,589
3390,4831
3391,924
3392,5233
3393,8210
3394,9206
3395,3183
3396,6566
3397,7798
3398,3504
3399,1337
3400,8762
3401,8297
3402,162
3403,2671
3404,4316
3405,8629
3406,4528
3407,3304
3408,7191
3409,7123
3410,53
3411,99
3412,7156
3413,9461
3414,5188
3415,5366
3416,4312
3417,433
3418,4325
3419,5032
3420,2784
3421,496
3422,7905
3423,9138
3424,1485
3425,593
3426,385
3427,417
3428,548
3429,6522
3430,8139
3431,2515
3432,5957
3433,2852
3434,4378
3435,1845
3436,3693
3437,8344
3438,1448
3439,8373
3440,5757
3441,2768
3442,2659
3443,8212
3444,4345
3445,5354
3446,4690
3447,3325
3448,4556
3449,2226
3450,1765
3451,2282
3452,6196
3453,3359
3454,849
3455,6371
3456,2760
3457,5780
3458,8546
3459,9734
3460,4359
3461,4532
3462,5511
3463,1672
3464,5592
3465,6441
3466,3961
3467,5722
3468,4515
3469,3727
3470,318
3471,3464
3472,4634
3473,4821
3474,3615
3475,6345
3476,5542
3477,9294
3478,404
3479,4892
3480,9532
3481,1081
3482,4530
3483,9242
3484,9032
3485,7094
3486,8226
3487,5050
3488,5169
3489,1748
3490,1542
3491,7009
3492,7993
3493,5825
3494,499
3495,648
3496,864
3497,1237
3498,6085
3499,3666
3500,2595
3501,6373
3502,3728
3503,4297
3504,8062
3505,576
3506,2382
3507,8399
3508,6732
3509,2741
3510,5048
3511,3101
3512,7039
3513,3837
3514,7916
3515,2035
3516,9421
3517,1509
3518,6098
3519,1842
3520,8731
3521,9745
3522,8420
3523,3625
3524,687
3525,3441
3526,628
3527,8713
3528,2802
3529,50
3530,8120
3531,3602
3532,5461
3533,5
3534,3489
3535,3978
3536,835
3537,7329
3538,4471
3539,6717
3540,6938
3541,3114
3542,5028
3543,6090
3544,2799
3545,2068
3546,1662
3547,3207
3548,2859
3549,6010
3550,9283
3551,4493
3552,5580
3553,9889
3554,3312
3555,467
3556,9587
3557,6957
3558,4059
3559,210
3560,2176
3561,6843
3562,4
3563,4473
3564,8548
3565,8960
3566,5634
3567,601
3568,3207
3569,1710
3570,2613
3571,2567
3572,7018
3573,1436
3574,5588
3575,5609
3576,4626
3577,5360
3578,9135
3579,7175
3580,3485
3581,5026
3582,9672
3583,2174
3584,7558
3585,532
3586,4552
3587,1141
3588,3159
3589,6700
3590,3539
3591,4198
3592,404
3593,6110
3594,1393
3595,9538
3596,2678
3597,6800
3598,1549
3599,8622
3600,4663
3601,711
3602,6151
3603,4137
3604,7265
3605,3190
3606,8228
3607,1059
3608,5809
3609,4933
3610,1754
3611,9957
3612,9249
3613,2338
3614,7744
3615,5995
3616,6636
3617,3757
3618,4520
3619,2246
3620,7792
3621,7645
3622,8802
3623,8561
3624,5957
3625,7441
3626,7819
3627,6270
3628,3346
3629,4945
3630,3100
3631,7552
3632,6882
3633,4899
3634,9958
3635,9097
3636,5187
3637,3600
3638,4707
3639,4430
3640,6257
3641,5358
3642,7058
3643,4224
3644,3639
3645,8271
3646,5262
3647,3232
3648,1767
3649,7694
3650,140
3651,5683
3652,5024
3653,3511
3654,5995
3655,3236
3656,2207
3657,6932
3658,2095
3659,6473
3660,7792
3661,9826
3662,4060
3663,1865
3664,8758
3665,8571
3666,398
3667,5489
3668,6165
3669,9118
3670,7046
3671,6926
3672,5498
3673,4270
3674,4779
3675,1602
3676,4326
3677,2097
3678,4131
3679,9940
3680,3877
3681,6098
3682,4899
3683,951
3684,4642
3685,7838
3686,9198
3687,6753
3688,2916
3689,5031
3690,6919
3691,6916
3692,6185
3693,4587
3694,1098
3695,9497
3696,1484
3697,7736
3698,7298
3699,8986
3700,5773
3701,1123
3702,7671
3703,962
3704,6014
3705,6665
3706,5062
3707,6638
3708,9255
3709,8957
3710,6404
3711,8520
3712,7772
3713,532
3714,6746
3715,9865
3716,9632
3717,2061
3718,7593
3719,2944
3720,6083
3721,9470
3722,4634
3723,8374
3724,6319
3725,7345
3726,3818
3727,839
3728,1640
3729,4962
3730,1589
3731,4415
3732,4194
3733,3474
3734,3364
3735,5678
3736,7910
3737,6894
3738,3919
3739,4204
3740,1678
3741,274
3742,5712
3743,2521
3744,7583
3745,2899
3746,9441
3747,3412
3748,5698
3749,225
3750,7634
3751,6123
3752,4163
3753,5612
3754,2925
3755,262
3756,443
3757,8519
3758,597
3759,7797
3760,1673
3761,2247
3762,3249
3763,8445
3764,593
3765,1691
3766,3608
3767,5097
3768,7779
3769,8906
3770,7783
3771,5924
3772,5729
3773,5862
3774,5420
3775,3316
3776,4786
3777,3857
3778,5624
3779,671
3780,9070
3781,8574
3782,9286
3783,8885
3784,2952
3785,2089
3786,3571
3787,4412
3788,4436
3789,6966
3790,6353
3791,6258
3792,3808
3793,9699
3794,4824
3795,5738
3796,4397
3797,5285
3798,9093
3799,9426
3800,8181
3801,8682
3802,2649
3803,4479
3804,4756
3805,1909
3806,5442
3807,738
3808,9402
3809,9648
3810,490
3811,2619
3812,8848
3813,2139
3814,3354
3815,6780
3816,3047
3817,8494
3818,4774
3819,7560
3820,5758
3821,9297
3822,1919
3823,3433
3824,7403
3825,7502
3826,8269
3827,6038
3828,9637
3829,3206
3830,9708
3831,8999
3832,6928
3833,7508
3834,1365
3835,6161
3836,8535
3837,1765
3838,5344
3839,6834
3840,913
3841,5381
3842,3830
3843,5594
3844,952
3845,2383
3846,3966
3847,8286
3848,1934
3849,6934
3850,2768
3851,1926
3852,4314
3853,2974
3854,5639
3855,7245
3856,6976
3857,1838
3858,1786
3859,6671
3860,8825
3861,2659
3862,3978
3863,9828
3864,6449
3865,6317
3866,4918
3867,6391
3868,7281
3869,932
3870,8229
3871,6160
3872,293
3873,7700
3874,6069
3875,3652
3876,1011
3877,3723
3878,6126
3879,6291
3880,6539
3881,6960
3882,5803
3883,5245
3884,8761
3885,9964
3886,1278
3887,5298
3888,2943
3889,7392
3890,5774
3891,4673
3892,6705
3893,1610
3894,2507
3895,8181
3896,6036
3897,5366
3898,6295
3899,5349
3900,7747
3901,8880
3902,4276
3903,5066
3904,1444
3905,525
3906,7178
3907,1044
3908,5264
3909,2847
3910,8095
3911,8778
3912,9255
3913,2162
3914,1645
3915,7073
3916,6306
3917,6372
3918,546
3919,8751
3920,6237
3921,3179
3922,2684
3923,7210
3924,245
3925,1028
3926,301
3927,6987
3928,6605
3929,4398
3930,5979
3931,4777
3932,8711
3933,5804
3934,5852
3935,573
3936,3360
3937,2144
3938,8607
3939,9034
3940,3223
3941,6664
3942,9190
3943,9156
3944,2752
3945,4179
3946,3625
3947,1325
3948,9002
3949,476
3950,5927
3951,6895
3952,5228
3953,4854
3954,9745
3955,4976
3956,3300
3957,414
3958,2787
3959,6663
3960,2635
3961,8957
3962,9398
3963,7967
3964,8733
3965,1005
3966,7605
3967,6076
3968,3680
3969,872
3970,1578
3971,3103
3972,4590
3973,6952
3974,2335
3975,842
3976,531
3977,207
3978,7140
3979,3006
3980,7364
3981,3524
3982,6013
3983,554
3984,7913
3985,6059
3986,780
3987,8622
3988,4565
3989,6015
3990,5556
3991,5159
3992,3262
3993,6051
3994,8527
3995,5178
3996,2629
3997,3715
3998,1040
3999,7988
4000,6179
4001,8692
4002,3469
4003,6229
4004,6821
4005,3870
4006,9729
4007,1289
4008,244
4009,1649
4010,6984
4011,5741
4012,1169
4013,3458
4014,7353
4015,6752
4016,7115
4017,7821
4018,9323
4019,5692
4020,4155
4021,4376
4022,1311
4023,7610
4024,6257
4025,6220
4026,4408
4027,4627
4028,1869
4029,3083
4030,472
4031,8510
4032,519
4033,7473
4034,6989
4035,2943
4036,4788
4037,751
4038,8142
4039,6432
4040,8640
4041,7481
4042,6647
4043,4586
4044,7967
4045,7863
4046,1188
4047,6667
4048,6659
4049,2126
4050,5129
4051,8765
4052,7122
4053,2241
4054,1779
4055,5481
4056,8736
4057,7935
4058,3269
4059,4591
4060,6093
4061,6472
4062,7955
4063,9595
4064,6440
4065,9881
4066,4285
4067,9204
4068,2805
4069,9635
4070,6833
4071,4951
4072,9356
4073,1421
4074,5903
4075,3826
4076,1014
4077,6525
4078,4044
4079,8004
4080,3104
4081,6714
4082,1549
4083,2873
4084,1465
4085,2187
4086,4790
4087,9905
4088,5227
4089,5173
4090,7218
4091,4456
4092,2024
4093,4498
4094,4685
4095,8981
4096,9417
4097,9715
4098,4597
4099,137
4100,5477
4101,5615
4102,9988
4103,7547
4104,2358
4105,1
4106,4418
4107,4399
4108,583
4109,8486
4110,4130
4111,2535
4112,5395
4113,6255
4114,354
4115,3838
4116,9760
4117,6877
4118,3015
4119,654
4120,1033
4121,3531
4122,661
4123,9065
4124,375
4125,6281
4126,6196
4127,3494
4128,6131
4129,483
4130,4226
4131,1726
4132,8777
4133,5516
4134,9495
4135,3551
4136,4237
4137,2629
4138,7078
4139,295
4140,8645
4141,7610
4142,2609
4143,4581
4144,7217
4145,236
4146,2924
4147,2547
4148,8715
4149,7330
4150,8412
4151,9727
4152,1684
4153,3914
4154,5815
4155,8655
4156,7675
4157,647
4158,5131
4159,4340
4160,135
4161,8434
4162,7429
4163,7153
4164,6781
4165,458
4166,4773
4167,4335
4168,1008
4169,8881
4170,5468
4171,2730
4172,4191
4173,565
4174,103
4175,7343
4176,4023
4177,4182
4178,1425
4179,8228
4180,4837
4181,4426
4182,7695
4183,6972
4184,7812
4185,7622
4186,8682
4187,6527
4188,9801
4189,3252
4190,8149
4191,8438
4192,3654
4193,2674
4194,9812
4195,1204
4196,5438
4197,3317
4198,1385
4199,8390
4200,1205
4201,996
4202,3891
4203,3685
4204,5443
4205,796
4206,6386
4207,7340
4208,4522
4209,3571
4210,8737
4211,349
4212,9935
4213,3166
4214,4335
4215,7729
4216,1430
4217,6135
4218,6917
4219,8766
4220,6785
4221,3874
4222,6289
4223,4967
4224,8772
4225,1027
4226,5678
4227,2430
4228,9336
4229,2592
4230,8663
4231,7256
4232,1482
4233,4614
4234,614
4235,6250
4236,595
4237,4011
4238,9285
4239,8941
4240,2309
4241,218
4242,556
4243,9602
4244,1899
4245,3958
4246,5094
4247,8434
4248,8611
4249,6638
4250,2814
4251,2111
4252,6288
4253,4039
4254,842
4255,319
4256,9361
4257,181
4258,8412
4259,4941
4260,742
4261,3607
4262,2644
4263,2749
4264,2871
4265,7247
4266,6413
4267,822
4268,2751
4269,1552
4270,5251
4271,2053
4272,4020
4273,6132
4274,9907
4275,6337
4276,8954
4277,50
4278,9945
4279,8782
4280,3773
4281,3584
4282,8976
4283,7579
4284,1208
4285,6547
4286,6332
4287,5941
4288,735
4289,845
4290,4964
4291,5061
4292,9490
4293,6408
4294,6875
4295,5186
4296,9584
4297,1133
4298,5803
4299,1159
4300,243
4301,9771
4302,5741
4303,4771
4304,6823
4305,5724
4306,8639
4307,4500
4308,3
4309,1074
4310,1365
4311,3513
4312,356
4313,9636
4314,8679
4315,5336
4316,4789
4317,8237
4318,432
4319,6645
4320,5196
4321,3551
4322,1280
4323,2642
4324,4868
4325,5986
4326,5604
4327,8885
4328,1125
4329,470
4330,6705
4331,4334
4332,5554
4333,3557
4334,3072
4335,9475
4336,9551
4337,4874
4338,9055
4339,7512
4340,9989
4341,5436
4342,8102
4343,5283
4344,7100
4345,9459
4346,4954
4347,280
4348,1642
4349,9749
4350,3406
4351,6878
4352,2591
4353,5188
4354,4944
4355,4558
4356,9920
4357,2388
4358,6053
4359,8895
4360,2819
4361,9767
4362,6288
4363,820
4364,6743
4365,602
4366,375
4367,3564
4368,2337
4369,6740
4370,8970
4371,3024
4372,5793
4373,1750
4374,8639
4375,807
4376,9387
4377,7375
4378,25
4379,2358
4380,9875
4381,6889
4382,2278
4383,2240
4384,2805
4385,3047
4386,6813
4387,5209
4388,9159
4389,6459
4390,4042
4391,1365
4392,2080
4393,8437
4394,4103
4395,7528
4396,3312
4397,9489
4398,8029
4399,3869
4400,2873
4401,129
4402,6792
4403,5366
4404,7483
4405,6402
4406,4549
4407,8733
4408,8950
4409,9271
4410,3901
4411,680
4412,8457
4413,8478
4414,7606
4415,2708
4416,2974
4417,9583
4418,52
4419,9453
4420,3780
4421,2744
4422,3969
4423,8157
4424,4055
4425,9457
4426,7807
4427,6227
4428,8835
4429,1328
4430,4194
4431,2982
4432,4217
4433,1078
4434,560
4435,5355
4436,4686
4437,4078
4438,99
4439,9733
4440,2874
4441,9815
4442,4460
4443,5285
4444,4379
4445,5827
4446,4869
4447,7318
4448,2230
4449,9271
4450,5813
4451,8306
4452,3610
4453,354
4454,2327
4455,9551
4456,6733
4457,7023
4458,5927
4459,7983
4460,533
4461,6590
4462,758
4463,7542
4464,3240
4465,8011
4466,2527
4467,4963
4468,7541
4469,5653
4470,1324
4471,8224
4472,4437
4473,352
4474,891
4475,5683
4476,1222
4477,3717
4478,3993
4479,7094
4480,1056
4481,9143
4482,7230
4483,8660
4484,4156
4485,7691
4486,3597
4487,3058
4488,7297
4489,6845
4490,7571
4491,9345
4492,7927
4493,3569
4494,9546
4495,7364
4496,961
4497,2234
4498,8158
4499,2660
4500,2022
4501,1303
4502,4348
4503,8975
4504,1590
4505,8816
4506,9290
4507,2621
4508,4414
4509,5455
4510,3889
4511,3399
4512,5691
4513,4413
4514,236
4515,3153
4516,6446
4517,2443
4518,3581
4519,1619
4520,308
4521,4462
4522,8746
4523,2833
4524,9548
4525,3470
4526,800
4527,6464
4528,6750
4529,66
4530,6484
4531,8924
4532,7118
4533,3179
4534,6465
4535,1823
4536,7921
4537,2752
4538,2642
4539,9123
4540,8542
4541,891
4542,2438
4543,8807
4544,8831
4545,5394
4546,6035
4547,6884
4548,1661
4549,3896
4550,2650
4551,796
4552,676
4553,298
4554,1599
4555,9681
4556,6307
4557,6372
4558,8086
4559,4153
4560,4329
4561,5705
4562,3158
4563,7335
4564,1392
4565,6560
4566,8204
4567,1814
4568,878
4569,2021
4570,6108
4571,2843
4572,8725
4573,6625
4574,78
4575,6406
4576,8940
4577,8725
4578,8797
4579,6083
4580,4052
4581,6954
4582,821
4583,2990
4584,5115
4585,9281
4586,8896
4587,37
4588,5074
4589,4431
4590,584
4591,2685
4592,8413
4593,1680
4594,5221
4595,9441
4596,1971
4597,9325
4598,7069
4599,5080
4600,5012
4601,3206
4602,1380
4603,3168
4604,3072
4605,6926
4606,3320
4607,6857
4608,7591
4609,333
4610,9887
4611,4729
4612,3270
4613,4869
4614,6408
4615,8488
4616,4973
4617,7059
4618,556
4619,8419
4620,7789
4621,3161
4622,9000
4623,9098
4624,7872
4625,8606
4626,3288
4627,6508
4628,1512
4629,6902
4630,2245
4631,769
4632,7500
4633,8506
4634,7345
4635,309
4636,4124
4637,4670
4638,9969
4639,3226
4640,5850
4641,7606
4642,8871
4643,389
4644,2383
4645,2761
4646,5118
4647,188
4648,8039
4649,8859
4650,7600
4651,423
4652,9020
4653,347
4654,1611
4655,5724
4656,898
4657,225
4658,9099
4659,4272
4660,7551
4661,7371
4662,5680
4663,4410
4664,7791
4665,5035
4666,8437
4667,5783
4668,540
4669,9639
4670,270
4671,5008
4672,7556
4673,6624
4674,7212
4675,9445
4676,7248
4677,9441
4678,9639
4679,4661
4680,6886
4681,4402
4682,1421
4683,589
4684,1249
4685,8241
4686,704
4687,437
4688,917
4689,334
4690,9069
4691,2803
4692,9809
4693,2179
4694,4637
4695,7620
4696,8124
4697,9639
4698,9433
4699,6195
4700,2555
4701,4774
4702,2755
4703,5119
4704,7116
4705,7167
4706,9007
4707,9014
4708,4995
4709,3089
4710,7487
4711,2405
4712,9570
4713,289
4714,9328
4715,8066
4716,2311
4717,3359
4718,9306
4719,1683
4720,5967
4721,8635
4722,3550
4723,3057
4724,4011
4725,4607
4726,6745
4727,1602
4728,7081
4729,4966
4730,1702
4731,3467
4732,1955
4733,9376
4734,7966
4735,5772
4736,207
4737,477
4738,2276
4739,8578
4740,2117
4741,9488
4742,8404
4743,5137
4744,5431
4745,5971
4746,7906
4747,1678
4748,2320
4749,8323
4750,6294
4751,6530
4752,1696
4753,4953
4754,3525
4755,5191
4756,1915
4757,199
4758,8437
4759,4532
4760,301
4761,9840
4762,6280
4763,1540
4764,3628
4765,6718
4766,4630
4767,437
4768,7710
4769,8541
4770,6850
4771,4879
4772,8518
4773,8010
4774,7340
4775,1719
4776,9806
4777,4651
4778,871
4779,9683
4780,9761
4781,7572
4782,3766
4783,7880
4784,8865
4785,3531
4786,9877
4787,5503
4788,6359
4789,5362
4790,4520
4791,313
4792,8032
4793,7224
4794,7607
4795,1591
4796,5200
4797,2974
4798,81
4799,363
4800,4350
4801,123
4802,5266
4803,3629
4804,7385
4805,6859
4806,865
4807,402
4808,2721
4809,9213
4810,4949
4811,2671
4812,3133
4813,7217
4814,5545
4815,4761
4816,7472
4817,7299
4818,3155
4819,9222
4820,3478
4821,1176
4822,7936
4823,1389
4824,7662
4825,9471
4826,6969
4827,2411
4828,5
4829,2326
4830,4745
4831,8151
4832,3809
4833,7386
4834,1882
4835,299
4836,1096
4837,9831
4838,5753
4839,1342
4840,9889
4841,7639
4842,5656
4843,7063
4844,9201
4845,1945
4846,1269
4847,6397
4848,4033
4849,6274
4850,146
4851,4048
4852,4753
4853,532
4854,1641
4855,4991
4856,6619
4857,6705
4858,9321
4859,7085
4860,2521
4861,7871
4862,582
4863,4770
4864,393
4865,7747
4866,613
4867,5715
4868,1404
4869,6629
4870,9284
4871,136
4872,7057
4873,8444
4874,5325
4875,3749
4876,4763
4877,1412
4878,6405
4879,4699
4880,4309
4881,7732
4882,8842
4883,6437
4884,4171
4885,9127
4886,4988
4887,6921
4888,5739
4889,2510
4890,8766
4891,556
4892,8204
4893,7993
4894,1668
4895,1077
4896,5676
4897,5633
4898,268
4899,78
4900,7261
4901,3145
4902,978
4903,7908
4904,4049
4905,5125
4906,6639
4907,4405
4908,5264
4909,3335
4910,6655
4911,9803
4912,3878
4913,4179
4914,5596
4915,9516
4916,1220
4917,6166
4918,5078
4919,5271
4920,3882
4921,5645
4922,4619
4923,8316
4924,3229
4925,844
4926,8859
4927,2914
4928,2727
4929,4576
4930,2594
4931,6962
4932,7551
4933,1760
4934,5559
4935,4289
4936,5378
4937,2242
4938,4333
4939,7692
4940,9570
4941,7211
4942,9783
4943,4025
4944,4392
4945,2391
4946,7393
4947,9370
4948,1553
4949,5685
4950,6539
4951,4010
4952,1100
4953,9310
4954,5954
4955,5808
4956,4475
4957,877
4958,9684
4959,6155
4960,7788
4961,7165
4962,9885
4963,3969
4964,675
4965,2413
4966,5711
4967,4218
4968,1727
4969,4316
4970,4388
4971,581
4972,181
4973,4119
4974,9429
4975,3659
4976,8070
4977,6494
4978,983
4979,4921
4980,1099
4981,8587
4982,6772
4983,1922
4984,8205
4985,1539
4986,1309
4987,9837
4988,6917
4989,9080
4990,4600
4991,4913
4992,9279
4993,4999
4994,8535
4995,7026
4996,6311
4997,2775
4998,6071
4999,4639
5000,2396
