date,htype,locale,locale_name,transferred,f2
1040,4,2,15,1,612
1108,4,2,15,1,450
1546,4,2,15,1,256
1270,4,2,15,1,57
643,3,0,17,0,950
744,4,2,15,1,749
1363,3,0,9,0,915
1137,4,2,15,1,308
1517,3,0,14,0,799
1665,4,2,15,1,957
1573,4,2,15,1,662
1494,4,2,15,1,858
469,4,2,15,1,864
1294,4,2,15,1,587
1498,4,2,15,1,543
1390,4,2,15,1,310
1582,4,2,15,1,843
520,4,2,15,1,766
1515,3,1,4,0,435
690,4,2,15,1,432
933,3,0,8,0,488
1460,4,2,15,1,810
1333,4,2,15,1,874
1257,4,2,15,1,317
637,4,2,15,1,524
1638,4,2,15,1,747
654,4,2,15,1,519
603,4,2,15,1,959
1529,4,2,15,1,796
555,4,2,15,1,568
1144,4,2,15,1,393
1233,4,2,15,1,369
1675,4,2,15,1,809
525,4,2,15,1,626
1466,4,2,15,1,851
1179,4,2,15,1,357
1559,5,0,3,0,988
533,4,2,15,1,877
1173,4,2,15,1,220
1330,4,2,15,1,808
1578,4,2,15,1,961
485,4,2,15,1,424
894,4,2,15,1,330
1402,3,3,22,0,316
970,4,2,15,1,32
1344,4,2,15,1,434
1259,4,2,15,1,500
1013,4,2,15,1,240
1443,4,2,15,1,413
1628,4,2,15,1,542
925,4,2,15,1,557
1618,4,2,15,1,891
1507,4,2,15,1,489
1285,4,2,15,1,697
1145,4,2,15,1,888
947,4,2,15,1,728
1563,4,2,15,1,115
1347,4,2,15,1,423
1444,4,2,15,1,520
1293,4,2,15,1,409
898,4,2,15,1,342
823,4,2,15,1,640
696,4,2,15,1,438
531,4,2,15,1,675
776,4,2,15,1,691
518,4,2,15,1,863
599,3,0,0,0,708
650,4,2,15,1,420
1185,4,2,15,1,807
578,4,2,15,1,759
1636,4,2,15,1,35
1221,2,1,4,0,764
968,4,2,15,1,210
794,4,2,15,1,554
1009,3,1,4,0,875
605,4,2,15,1,478
293,4,2,15,1,378
392,4,2,15,1,109
258,4,2,15,1,422
542,2,1,4,0,843
54,4,2,15,1,399
45,4,2,15,1,899
92,4,2,15,1,524
197,4,2,15,1,245
357,0,1,4,0,951
448,4,2,15,1,151
236,4,2,15,1,180
86,4,2,15,1,451
198,4,2,15,1,610
353,4,2,15,1,933
67,4,2,15,1,335
24,4,2,15,1,820
70,4,2,15,1,391
60,3,0,14,0,194
272,4,2,15,1,668
348,4,2,15,1,583
404,4,2,15,1,777
95,4,2,15,1,950
313,3,0,7,0,249
364,3,1,4,0,480
1478,4,2,15,1,910
889,4,2,15,1,703
1381,4,2,15,1,23
1413,4,2,15,1,724
569,3,0,8,0,423
595,4,2,15,1,227
1537,4,2,15,1,607
1254,4,2,15,1,924
1572,4,2,15,1,274
965,4,2,15,1,56
1256,4,2,15,1,847
1208,2,1,4,0,696
940,4,2,15,1,979
1579,4,2,15,1,948
1034,3,1,4,0,793
1224,2,1,4,0,217
480,4,2,15,1,661
1281,4,2,15,1,467
1334,4,2,15,1,319
1133,4,2,15,1,583
1670,4,2,15,1,104
642,4,2,15,1,834
1640,3,0,21,0,957
1614,4,2,15,1,951
1349,4,2,15,1,962
798,4,2,15,1,299
1651,4,2,15,1,900
1462,4,2,15,1,584
1039,4,2,15,1,45
1019,4,2,15,1,482
1190,4,2,15,1,992
733,4,2,15,1,575
540,4,2,15,1,877
553,2,1,4,0,902
961,4,2,15,1,677
583,4,2,15,1,894
711,4,2,15,1,740
1366,4,2,15,1,33
1006,4,2,15,1,539
1620,4,2,15,1,64
1445,4,2,15,1,426
1223,2,1,4,0,135
1353,4,2,15,1,292
976,4,2,15,1,298
682,4,2,15,1,783
1487,4,2,15,1,179
1612,4,2,15,1,921
1181,4,2,15,1,936
1032,4,2,15,1,221
1035,4,2,15,1,686
992,4,2,15,1,790
1176,3,1,4,0,916
1588,3,0,16,0,506
901,3,0,7,0,890
863,4,2,15,1,439
1012,4,2,15,1,100
1066,0,0,18,0,45
1422,4,2,15,1,808
1592,4,2,15,1,856
971,4,2,15,1,162
582,4,2,15,1,527
1054,4,2,15,1,74
1038,3,3,20,0,7
535,4,2,15,1,605
551,4,2,15,1,90
1061,2,1,4,0,300
490,4,2,15,1,137
489,4,2,15,1,1
1336,4,2,15,1,890
465,3,0,3,0,729
1619,4,2,15,1,138
656,4,2,15,1,179
510,4,2,15,1,152
830,4,2,15,1,338
1184,4,2,15,1,891
492,4,2,15,1,227
626,4,2,15,1,775
1051,4,2,15,1,6
1140,4,2,15,1,531
858,4,2,15,1,829
1414,4,2,15,1,94
857,2,1,4,0,254
79,4,2,15,1,782
298,4,2,15,1,958
292,4,2,15,1,735
421,4,2,15,1,124
314,3,0,11,0,287
333,4,2,15,1,204
297,4,2,15,1,963
564,4,2,15,1,533
380,4,2,15,1,835
76,4,2,15,1,976
121,4,2,15,1,705
417,4,2,15,1,424
59,4,2,15,1,900
431,4,2,15,1,325
56,4,2,15,1,958
19,4,2,15,1,930
390,4,2,15,1,734
203,3,0,1,0,192
1457,3,1,4,2,331
456,4,2,15,1,109
1230,4,2,15,1,954
772,4,2,15,1,144
897,4,2,15,1,353
1518,4,2,15,1,423
958,4,2,15,1,409
1252,4,2,15,1,546
1674,4,2,15,1,585
978,4,2,15,1,450
1591,4,2,15,1,958
1555,4,2,15,1,826
1018,4,2,15,1,184
1574,4,2,15,1,67
1303,4,2,15,1,957
519,4,2,15,1,271
1373,4,2,15,1,948
1047,4,2,15,1,521
611,4,2,15,1,731
937,4,2,15,1,705
1139,4,2,15,1,720
1291,4,2,15,1,615
538,4,2,15,1,55
840,4,2,15,1,590
1177,4,2,15,1,697
549,2,1,4,0,915
590,3,0,19,0,781
1475,4,2,15,1,339
544,2,1,4,0,685
783,4,2,15,1,755
1165,4,2,15,1,923
1401,4,2,15,1,255
685,4,2,15,1,544
1654,4,2,15,1,42
739,4,2,15,1,397
1652,4,2,15,1,547
1258,4,2,15,1,643
765,4,2,15,1,847
1365,4,2,15,1,28
1523,4,2,15,1,920
671,4,2,15,1,672
761,4,2,15,1,921
853,4,2,15,1,903
1132,4,2,15,1,653
967,4,2,15,1,411
738,4,2,15,1,99
679,3,0,0,0,751
1521,4,2,15,1,683
1446,4,2,15,1,233
1316,5,1,4,0,321
872,4,2,15,1,111
1439,4,2,15,1,415
532,4,2,15,1,303
883,4,2,15,1,265
704,4,2,15,1,276
1020,4,2,15,1,222
821,4,2,15,1,353
596,4,2,15,1,364
741,4,2,15,1,482
955,4,2,15,1,341
668,4,2,15,1,727
1243,4,2,15,1,725
557,2,1,4,0,918
1319,3,0,19,0,559
1324,4,2,15,1,134
1187,4,2,15,1,563
1059,4,2,15,1,915
854,4,2,15,1,398
1265,4,2,15,1,14
1068,4,2,15,1,438
1253,4,2,15,1,401
707,4,2,15,1,164
1329,4,2,15,1,302
1017,4,2,15,1,679
1551,4,2,15,1,875
655,4,2,15,1,590
462,4,2,15,1,234
850,4,2,15,1,351
405,4,2,15,1,927
116,4,2,15,1,570
335,4,2,15,1,719
260,4,2,15,1,331
362,4,2,15,1,785
378,4,2,15,1,699
105,4,2,15,1,780
235,3,0,0,0,340
234,4,2,15,1,805
146,4,2,15,1,179
394,4,2,15,1,793
233,4,2,15,1,898
201,4,2,15,1,611
37,4,2,15,1,908
229,4,2,15,1,541
325,4,2,15,1,17
20,4,2,15,1,696
123,4,2,15,1,288
129,4,2,15,1,951
371,4,2,15,1,957
33,4,2,15,1,740
374,4,2,15,1,295
94,4,2,15,1,282
395,4,2,15,1,426
199,4,2,15,1,482
173,3,0,7,0,111
16,4,2,15,1,402
44,4,2,15,1,188
420,4,2,15,1,58
210,4,2,15,1,483
145,4,2,15,1,409
156,4,2,15,1,116
17,4,2,15,1,372
175,3,3,10,0,907
444,4,2,15,1,793
261,4,2,15,1,811
249,4,2,15,1,508
594,4,2,15,1,175
1500,4,2,15,1,860
1063,4,2,15,1,121
891,4,2,15,1,248
568,0,0,8,0,292
879,4,2,15,1,142
919,4,2,15,1,459
1278,4,2,15,1,4
922,4,2,15,1,843
991,4,2,15,1,101
886,4,2,15,1,111
1624,4,2,15,1,530
1438,4,2,15,1,731
979,4,2,15,1,704
461,4,2,15,1,254
966,4,2,15,1,76
659,4,2,15,1,533
528,4,2,15,1,831
1676,4,2,15,1,910
470,4,2,15,1,63
1041,3,0,7,0,776
975,4,2,15,1,547
1456,0,1,4,0,35
1126,4,2,15,1,764
1007,3,0,17,0,272
1597,4,2,15,1,443
610,4,2,15,1,804
712,4,2,15,1,646
918,4,2,15,1,175
983,4,2,15,1,358
1646,4,2,15,1,443
661,4,2,15,1,3
1511,4,2,15,1,658
1158,4,2,15,1,73
895,4,2,15,1,862
636,4,2,15,1,599
911,3,0,21,0,481
864,4,2,15,1,410
1011,4,2,15,1,144
1556,4,2,15,1,471
1058,2,1,4,0,791
796,4,2,15,1,1
1161,4,2,15,1,286
1524,4,2,15,1,909
849,4,2,15,1,874
1387,4,2,15,1,697
621,4,2,15,1,424
1121,4,2,15,1,80
1397,4,2,15,1,26
1491,4,2,15,1,843
1476,4,2,15,1,389
1157,4,2,15,1,461
473,4,2,15,1,826
957,4,2,15,1,863
1606,4,2,15,1,449
1657,4,2,15,1,345
500,4,2,15,1,665
954,3,0,19,0,455
1087,4,2,15,1,134
1130,3,1,4,0,260
1440,4,2,15,1,457
1662,0,0,8,0,179
1610,4,2,15,1,220
501,4,2,15,1,697
1649,4,2,15,1,491
828,4,2,15,1,674
1101,4,2,15,1,527
1425,4,2,15,1,483
1516,4,2,15,1,933
1313,4,2,15,1,35
1171,4,2,15,1,567
1081,4,2,15,1,89
1095,4,2,15,1,721
1339,4,2,15,1,340
1183,3,3,2,0,728
1328,3,0,0,0,621
885,4,2,15,1,273
814,4,2,15,1,747
855,4,2,15,1,601
736,4,2,15,1,905
873,4,2,15,1,62
1672,4,2,15,1,168
505,4,2,15,1,7
822,4,2,15,1,677
1240,4,2,15,1,992
295,4,2,15,1,111
422,4,2,15,1,746
66,4,2,15,1,312
281,3,1,4,2,184
181,4,2,15,1,13
267,4,2,15,1,397
148,4,2,15,1,916
250,4,2,15,1,194
396,4,2,15,1,512
131,2,1,4,0,396
64,4,2,15,1,3
312,4,2,15,1,538
208,4,2,15,1,410
276,4,2,15,1,343
1,4,2,15,1,56
144,4,2,15,1,277
255,4,2,15,1,299
347,4,2,15,1,861
170,4,2,15,1,24
162,4,2,15,1,860
223,4,2,15,1,28
307,4,2,15,1,743
1497,4,2,15,1,903
1277,4,2,15,1,225
1369,4,2,15,1,949
1335,4,2,15,1,998
632,4,2,15,1,624
1249,4,2,15,1,686
1359,4,2,15,1,829
1244,4,2,15,1,838
841,4,2,15,1,234
1225,2,1,4,0,396
1660,3,0,1,0,918
1486,4,2,15,1,528
1014,4,2,15,1,257
1617,4,2,15,1,156
837,4,2,15,1,393
1434,3,0,13,0,831
909,4,2,15,1,119
1310,4,2,15,1,498
1295,4,2,15,1,886
593,4,2,15,1,139
1362,4,2,15,1,309
913,4,2,15,1,833
1550,4,2,15,1,909
795,4,2,15,1,781
723,4,2,15,1,735
1488,4,2,15,1,506
1601,4,2,15,1,559
1241,4,2,15,1,854
699,4,2,15,1,52
948,4,2,15,1,119
999,4,2,15,1,126
1297,5,0,8,0,998
804,4,2,15,1,530
788,3,0,14,0,255
1237,4,2,15,1,504
623,4,2,15,1,828
698,2,1,4,0,498
1263,4,2,15,1,421
475,4,2,15,1,451
1262,4,2,15,1,543
1003,4,2,15,1,455
1583,4,2,15,1,50
1150,4,2,15,1,272
602,4,2,15,1,514
1251,4,2,15,1,723
770,4,2,15,1,880
768,4,2,15,1,319
556,2,1,4,0,620
1123,4,2,15,1,227
1267,4,2,15,1,118
545,2,1,4,0,111
550,4,2,15,1,686
833,4,2,15,1,864
509,4,2,15,1,410
523,4,2,15,1,873
1156,4,2,15,1,715
1602,5,1,4,0,991
1621,4,2,15,1,975
1380,4,2,15,1,638
884,4,2,15,1,605
856,0,1,4,0,171
986,4,2,15,1,378
560,4,2,15,1,133
182,4,2,15,1,729
38,4,2,15,1,835
242,4,2,15,1,791
606,4,2,15,1,183
189,4,2,15,1,880
403,4,2,15,1,888
109,4,2,15,1,449
21,4,2,15,1,844
289,4,2,15,1,882
414,4,2,15,1,795
383,4,2,15,1,371
190,4,2,15,1,493
429,4,2,15,1,450
430,4,2,15,1,982
9,4,2,15,1,782
286,4,2,15,1,771
413,4,2,15,1,124
411,4,2,15,1,723
329,4,2,15,1,77
52,4,2,15,1,385
23,4,2,15,1,961
111,4,2,15,1,861
264,4,2,15,1,611
268,4,2,15,1,549
224,4,2,15,1,866
266,4,2,15,1,534
349,4,2,15,1,444
351,4,2,15,1,11
1120,4,2,15,1,762
1581,4,2,15,1,469
1389,4,2,15,1,387
565,4,2,15,1,47
819,4,2,15,1,48
1036,4,2,15,1,147
1332,4,2,15,1,124
1561,4,2,15,1,373
1400,1,1,4,0,340
1485,4,2,15,1,552
1274,4,2,15,1,131
1360,4,2,15,1,159
775,3,1,4,0,77
1075,4,2,15,1,545
1033,3,1,4,0,604
1354,4,2,15,1,658
915,4,2,15,1,526
1388,4,2,15,1,349
1128,4,2,15,1,79
914,4,2,15,1,706
486,4,2,15,1,936
669,3,1,4,0,991
1260,4,2,15,1,229
757,4,2,15,1,61
495,3,0,16,0,329
1044,4,2,15,1,521
1622,4,2,15,1,4
1512,4,2,15,1,142
1377,4,2,15,1,379
1589,0,1,4,0,448
681,4,2,15,1,370
1483,4,2,15,1,918
818,3,3,2,0,433
737,6,1,4,0,258
902,4,2,15,1,960
784,4,2,15,1,467
867,4,2,15,1,225
1175,4,2,15,1,43
1119,4,2,15,1,242
1539,4,2,15,1,551
764,4,2,15,1,900
1541,4,2,15,1,361
1504,4,2,15,1,494
1315,4,2,15,1,974
1566,4,2,15,1,108
912,4,2,15,1,794
620,4,2,15,1,47
1226,2,1,4,0,220
916,4,2,15,1,430
779,4,2,15,1,244
756,4,2,15,1,308
459,4,2,15,1,279
1206,2,1,4,0,658
1430,4,2,15,1,255
567,3,0,1,0,303
1447,0,1,4,0,18
662,4,2,15,1,728
923,4,2,15,1,865
1212,2,1,4,0,415
1015,4,2,15,1,152
468,4,2,15,1,657
628,4,2,15,1,445
1152,4,2,15,1,935
467,3,0,12,0,417
780,4,2,15,1,122
1528,4,2,15,1,564
581,4,2,15,1,486
426,3,1,4,0,892
273,4,2,15,1,650
263,4,2,15,1,356
154,4,2,15,1,325
246,4,2,15,1,784
274,4,2,15,1,535
439,4,2,15,1,194
30,4,2,15,1,601
130,0,1,4,0,874
40,4,2,15,1,294
168,4,2,15,1,511
151,4,2,15,1,466
412,4,2,15,1,86
311,4,2,15,1,499
88,4,2,15,1,837
97,4,2,15,1,576
230,4,2,15,1,744
5,4,2,15,1,865
332,4,2,15,1,697
279,3,0,17,0,385
166,4,2,15,1,415
345,4,2,15,1,71
391,4,2,15,1,525
93,4,2,15,1,32
62,4,2,15,1,543
366,4,2,15,1,356
100,4,2,15,1,787
108,4,2,15,1,673
217,4,2,15,1,250
158,4,2,15,1,503
221,3,1,4,0,930
1200,2,1,4,0,714
1626,4,2,15,1,81
1072,4,2,15,1,184
1348,4,2,15,1,140
1341,4,2,15,1,961
649,4,2,15,1,180
1112,4,2,15,1,670
1396,4,2,15,1,646
1307,4,2,15,1,377
1162,4,2,15,1,125
1361,4,2,15,1,938
865,4,2,15,1,182
972,4,2,15,1,554
1565,4,2,15,1,879
1416,4,2,15,1,398
758,4,2,15,1,866
1056,4,2,15,1,175
494,2,1,4,0,987
1220,2,1,4,0,565
1327,4,2,15,1,720
1627,4,2,15,1,600
988,4,2,15,1,456
543,2,1,4,0,190
1613,4,2,15,1,182
530,4,2,15,1,223
1320,4,2,15,1,13
1405,4,2,15,1,830
1449,0,1,4,0,790
1510,4,2,15,1,671
663,4,2,15,1,156
1288,4,2,15,1,23
1166,4,2,15,1,432
771,4,2,15,1,939
1552,4,2,15,1,524
1317,4,2,15,1,958
1077,4,2,15,1,754
749,4,2,15,1,496
812,4,2,15,1,275
980,4,2,15,1,141
1399,3,1,4,0,427
944,3,0,6,0,450
1205,2,1,4,0,996
1109,4,2,15,1,183
852,4,2,15,1,862
1663,4,2,15,1,255
622,4,2,15,1,469
1088,4,2,15,1,854
760,4,2,15,1,373
674,3,3,20,0,75
708,4,2,15,1,806
652,4,2,15,1,52
1632,3,3,10,0,820
1146,4,2,15,1,629
1681,4,2,15,1,721
1255,4,2,15,1,681
1099,4,2,15,1,986
460,4,2,15,1,572
1643,4,2,15,1,917
1031,4,2,15,1,187
868,4,2,15,1,280
726,4,2,15,1,296
1325,4,2,15,1,447
1671,4,2,15,1,815
474,3,0,19,0,42
585,3,1,4,0,807
731,4,2,15,1,638
952,4,2,15,1,369
497,4,2,15,1,600
1127,4,2,15,1,606
483,4,2,15,1,462
524,4,2,15,1,186
908,4,2,15,1,544
990,4,2,15,1,528
691,4,2,15,1,367
616,4,2,15,1,998
1264,4,2,15,1,700
479,4,2,15,1,319
1229,4,2,15,1,703
6,4,2,15,1,509
435,4,2,15,1,748
240,4,2,15,1,104
204,0,0,8,0,883
296,4,2,15,1,894
434,4,2,15,1,912
91,4,2,15,1,887
451,4,2,15,1,88
128,4,2,15,1,723
74,4,2,15,1,509
269,4,2,15,1,203
437,4,2,15,1,404
141,4,2,15,1,754
386,4,2,15,1,834
402,4,2,15,1,708
309,3,3,22,0,482
400,4,2,15,1,567
10,4,2,15,1,84
11,6,1,4,0,226
176,4,2,15,1,113
1398,3,1,4,0,318
14,4,2,15,1,844
1271,4,2,15,1,850
1450,0,1,4,0,204
1481,4,2,15,1,585
1442,4,2,15,1,700
1117,4,2,15,1,522
1199,2,1,4,0,926
773,4,2,15,1,668
714,4,2,15,1,545
929,4,2,15,1,989
1163,4,2,15,1,282
1116,4,2,15,1,74
1384,4,2,15,1,98
789,4,2,15,1,454
1093,4,2,15,1,700
1323,4,2,15,1,46
539,3,3,10,0,676
1060,4,2,15,1,128
1296,3,0,1,0,951
1148,4,2,15,1,923
1070,4,2,15,1,564
724,4,2,15,1,852
1238,4,2,15,1,830
1067,3,0,18,0,495
729,1,1,4,0,767
644,4,2,15,1,803
1222,2,1,4,0,972
1004,4,2,15,1,211
664,4,2,15,1,727
1568,4,2,15,1,534
781,4,2,15,1,463
1586,4,2,15,1,552
591,4,2,15,1,401
938,4,2,15,1,986
601,4,2,15,1,630
1022,4,2,15,1,288
1308,4,2,15,1,580
1641,4,2,15,1,208
1637,4,2,15,1,6
640,4,2,15,1,430
951,4,2,15,1,117
932,3,0,8,0,352
1194,3,0,3,0,920
541,4,2,15,1,813
1394,4,2,15,1,573
825,4,2,15,1,590
1404,4,2,15,1,797
1633,4,2,15,1,448
577,4,2,15,1,668
1069,3,0,13,0,101
1338,4,2,15,1,217
571,4,2,15,1,565
861,4,2,15,1,614
778,4,2,15,1,650
824,4,2,15,1,935
943,4,2,15,1,672
515,4,2,15,1,841
786,4,2,15,1,614
803,4,2,15,1,921
836,4,2,15,1,35
2,4,2,15,1,16
171,4,2,15,1,884
80,4,2,15,1,306
319,4,2,15,1,856
153,4,2,15,1,323
449,4,2,15,1,777
441,4,2,15,1,22
132,4,2,15,1,332
99,4,2,15,1,796
358,0,1,4,0,420
72,4,2,15,1,203
7,4,2,15,1,856
106,4,2,15,1,622
63,4,2,15,1,327
160,4,2,15,1,973
127,4,2,15,1,227
416,4,2,15,1,905
389,4,2,15,1,210
169,4,2,15,1,331
186,4,2,15,1,129
245,4,2,15,1,770
399,4,2,15,1,421
159,4,2,15,1,356
120,3,1,4,0,131
51,4,2,15,1,952
277,4,2,15,1,724
82,4,2,15,1,643
375,4,2,15,1,591
152,4,2,15,1,563
113,4,2,15,1,87
450,4,2,15,1,901
291,4,2,15,1,93
354,0,1,4,0,394
288,4,2,15,1,999
452,4,2,15,1,601
15,4,2,15,1,317
962,4,2,15,1,933
566,4,2,15,1,648
769,4,2,15,1,777
1372,3,0,17,0,956
801,4,2,15,1,725
1322,4,2,15,1,449
709,4,2,15,1,418
1282,4,2,15,1,955
1115,4,2,15,1,283
1021,4,2,15,1,536
890,4,2,15,1,729
1587,4,2,15,1,991
588,4,2,15,1,788
887,4,2,15,1,166
683,4,2,15,1,483
995,4,2,15,1,62
939,4,2,15,1,330
1049,4,2,15,1,210
1650,4,2,15,1,443
1124,4,2,15,1,715
1107,4,2,15,1,594
845,4,2,15,1,571
1026,4,2,15,1,551
604,4,2,15,1,18
917,4,2,15,1,206
1392,4,2,15,1,811
1522,4,2,15,1,793
1655,4,2,15,1,755
721,0,1,4,0,183
1575,4,2,15,1,173
1211,2,1,4,0,87
1420,4,2,15,1,618
1532,4,2,15,1,725
746,4,2,15,1,48
512,4,2,15,1,990
1503,4,2,15,1,894
1050,4,2,15,1,381
1382,4,2,15,1,301
926,4,2,15,1,960
1311,4,2,15,1,764
1590,2,1,4,0,296
732,4,2,15,1,701
617,4,2,15,1,499
1052,4,2,15,1,966
1576,4,2,15,1,189
994,4,2,15,1,741
1298,3,0,8,2,407
1678,3,1,4,2,11
831,3,0,12,0,879
1236,3,1,4,2,933
680,4,2,15,1,564
1463,4,2,15,1,851
1639,4,2,15,1,211
974,4,2,15,1,270
1458,5,1,4,0,222
1098,4,2,15,1,241
984,4,2,15,1,729
907,4,2,15,1,641
1141,4,2,15,1,347
630,4,2,15,1,519
692,4,2,15,1,790
527,4,2,15,1,866
488,4,2,15,1,77
676,4,2,15,1,318
1136,4,2,15,1,506
552,2,1,4,0,878
1569,4,2,15,1,60
1246,4,2,15,1,157
1548,4,2,15,1,860
1496,4,2,15,1,200
1269,4,2,15,1,427
1520,4,2,15,1,880
1558,3,0,3,2,529
458,4,2,15,1,678
964,4,2,15,1,755
646,5,1,4,0,220
1090,4,2,15,1,88
870,4,2,15,1,404
1272,4,2,15,1,278
874,4,2,15,1,314
1383,4,2,15,1,11
877,4,2,15,1,636
1375,4,2,15,1,785
750,4,2,15,1,709
1131,3,1,4,0,339
785,4,2,15,1,288
600,4,2,15,1,816
496,4,2,15,1,250
700,4,2,15,1,208
1571,4,2,15,1,642
572,4,2,15,1,160
586,4,2,15,1,780
1433,4,2,15,1,715
1207,2,1,4,0,22
303,4,2,15,1,730
174,4,2,15,1,423
212,4,2,15,1,747
163,4,2,15,1,766
13,4,2,15,1,540
241,4,2,15,1,217
432,4,2,15,1,258
219,4,2,15,1,797
68,4,2,15,1,791
381,4,2,15,1,544
285,4,2,15,1,502
213,4,2,15,1,648
363,0,1,4,0,159
18,4,2,15,1,919
134,4,2,15,1,651
206,4,2,15,1,884
424,3,0,14,0,10
316,4,2,15,1,554
215,4,2,15,1,92
222,4,2,15,1,441
193,4,2,15,1,863
306,3,1,4,0,754
302,4,2,15,1,732
85,4,2,15,1,664
337,4,2,15,1,14
49,4,2,15,1,390
107,4,2,15,1,179
304,4,2,15,1,744
102,4,2,15,1,496
719,0,1,4,0,493
625,4,2,15,1,543
666,4,2,15,1,349
1469,4,2,15,1,283
1577,3,1,4,0,628
996,4,2,15,1,113
688,4,2,15,1,388
1118,4,2,15,1,88
1480,4,2,15,1,865
547,3,0,5,0,325
797,4,2,15,1,444
815,4,2,15,1,580
1169,4,2,15,1,660
693,4,2,15,1,459
1682,4,2,15,1,835
1134,4,2,15,1,306
1653,4,2,15,1,899
1043,3,0,0,0,511
1631,4,2,15,1,917
1076,4,2,15,1,110
1505,4,2,15,1,677
1358,4,2,15,1,759
1386,4,2,15,1,49
1596,4,2,15,1,516
615,4,2,15,1,58
667,4,2,15,1,309
1097,4,2,15,1,813
1418,4,2,15,1,735
517,4,2,15,1,415
1368,4,2,15,1,205
1406,3,0,7,0,913
725,4,2,15,1,513
1465,4,2,15,1,371
1473,4,2,15,1,760
1300,4,2,15,1,12
618,4,2,15,1,527
1594,4,2,15,1,261
1284,4,2,15,1,900
1261,4,2,15,1,371
1155,4,2,15,1,42
1452,4,2,15,1,796
1547,3,3,2,0,960
1374,3,1,4,0,343
694,4,2,15,1,826
1533,4,2,15,1,204
945,4,2,15,1,254
1201,2,1,4,0,861
1149,4,2,15,1,725
847,4,2,15,1,31
1477,4,2,15,1,207
1290,4,2,15,1,329
689,4,2,15,1,20
1084,0,1,4,0,49
548,2,1,4,0,699
1609,4,2,15,1,971
457,4,2,15,1,144
1010,4,2,15,1,22
1064,4,2,15,1,247
514,4,2,15,1,215
1343,4,2,15,1,362
866,4,2,15,1,15
641,4,2,15,1,67
1159,4,2,15,1,318
503,4,2,15,1,429
1091,0,1,4,0,393
1448,0,1,4,0,201
702,0,0,18,0,467
1479,4,2,15,1,38
875,4,2,15,1,804
941,4,2,15,1,492
638,4,2,15,1,932
1659,4,2,15,1,68
579,4,2,15,1,280
1085,0,1,4,0,683
1214,2,1,4,0,524
1062,4,2,15,1,325
598,4,2,15,1,624
792,4,2,15,1,417
730,4,2,15,1,874
1048,4,2,15,1,437
1599,4,2,15,1,122
782,4,2,15,1,763
1192,4,2,15,1,525
69,4,2,15,1,987
428,4,2,15,1,429
305,3,1,4,0,261
140,4,2,15,1,311
397,4,2,15,1,103
31,4,2,15,1,249
361,4,2,15,1,49
8,4,2,15,1,237
418,4,2,15,1,644
252,4,2,15,1,234
205,3,0,8,0,345
122,4,2,15,1,500
259,4,2,15,1,507
247,4,2,15,1,357
425,3,1,4,0,152
135,4,2,15,1,664
317,4,2,15,1,144
406,4,2,15,1,143
231,4,2,15,1,856
3,4,2,15,1,284
188,4,2,15,1,612
155,4,2,15,1,958
253,4,2,15,1,806
157,4,2,15,1,221
328,4,2,15,1,663
440,4,2,15,1,848
251,4,2,15,1,489
172,4,2,15,1,240
75,4,2,15,1,998
301,4,2,15,1,457
202,4,2,15,1,551
115,4,2,15,1,156
78,4,2,15,1,233
194,4,2,15,1,732
34,4,2,15,1,737
103,3,0,12,0,928
1092,3,1,4,0,51
0,3,1,4,0,726
1598,4,2,15,1,946
959,4,2,15,1,782
1142,4,2,15,1,766
987,4,2,15,1,592
1106,4,2,15,1,18
790,4,2,15,1,59
1585,4,2,15,1,141
521,4,2,15,1,804
1367,4,2,15,1,359
1527,4,2,15,1,774
1535,4,2,15,1,226
1345,4,2,15,1,467
1135,4,2,15,1,216
1432,3,0,18,0,829
1314,3,1,4,2,14
1436,4,2,15,1,959
1306,4,2,15,1,381
1025,4,2,15,1,627
813,4,2,15,1,839
1089,4,2,15,1,20
1542,4,2,15,1,126
1276,3,0,5,0,662
657,4,2,15,1,974
1122,4,2,15,1,615
1232,4,2,15,1,845
466,4,2,15,1,879
1302,4,2,15,1,616
660,4,2,15,1,190
1147,4,2,15,1,369
1046,4,2,15,1,444
816,4,2,15,1,36
1231,4,2,15,1,382
848,3,1,4,0,984
826,4,2,15,1,907
1168,4,2,15,1,50
1557,4,2,15,1,333
843,4,2,15,1,733
903,3,3,10,0,49
1667,4,2,15,1,52
1053,4,2,15,1,618
1540,4,2,15,1,594
477,4,2,15,1,108
1079,4,2,15,1,902
1634,4,2,15,1,256
1625,4,2,15,1,452
1351,4,2,15,1,339
888,4,2,15,1,575
511,4,2,15,1,134
1210,2,1,4,0,46
1499,4,2,15,1,733
1526,4,2,15,1,324
1143,4,2,15,1,731
1248,4,2,15,1,903
997,4,2,15,1,199
1536,4,2,15,1,199
1484,4,2,15,1,392
1164,4,2,15,1,665
1600,3,1,4,2,424
1104,4,2,15,1,208
1554,4,2,15,1,662
715,4,2,15,1,263
1219,0,1,4,0,200
982,4,2,15,1,209
580,3,0,6,0,675
1160,4,2,15,1,278
777,4,2,15,1,128
734,4,2,15,1,893
529,2,1,4,0,611
336,4,2,15,1,631
387,4,2,15,1,149
368,4,2,15,1,538
4,6,1,4,0,345
149,4,2,15,1,200
438,4,2,15,1,877
419,4,2,15,1,236
270,3,0,9,0,490
39,4,2,15,1,940
98,4,2,15,1,621
408,4,2,15,1,109
447,4,2,15,1,975
57,4,2,15,1,534
167,4,2,15,1,367
398,4,2,15,1,994
42,3,1,4,0,565
77,4,2,15,1,784
179,4,2,15,1,51
101,3,0,3,0,109
36,4,2,15,1,708
225,4,2,15,1,605
84,4,2,15,1,818
248,4,2,15,1,165
385,4,2,15,1,920
196,4,2,15,1,696
1266,3,0,7,0,602
1280,4,2,15,1,500
1305,4,2,15,1,619
1509,4,2,15,1,751
1245,4,2,15,1,194
464,4,2,15,1,430
806,4,2,15,1,812
1153,3,0,14,0,549
1648,4,2,15,1,123
1658,4,2,15,1,921
977,4,2,15,1,228
754,4,2,15,1,412
608,4,2,15,1,106
633,4,2,15,1,714
1188,4,2,15,1,74
1304,4,2,15,1,410
993,4,2,15,1,946
1228,2,1,4,0,535
1468,4,2,15,1,924
1584,4,2,15,1,702
1408,6,1,4,0,127
1379,4,2,15,1,496
1409,4,2,15,1,740
1197,4,2,15,1,443
614,4,2,15,1,969
1299,4,2,15,1,304
670,3,1,4,0,360
956,4,2,15,1,501
559,4,2,15,1,680
1110,4,2,15,1,527
1283,4,2,15,1,92
1482,4,2,15,1,760
1195,4,2,15,1,588
1023,4,2,15,1,909
1370,4,2,15,1,690
1607,4,2,15,1,440
1204,2,1,4,0,529
1105,4,2,15,1,367
573,4,2,15,1,620
1472,4,2,15,1,383
1167,4,2,15,1,213
842,4,2,15,1,51
481,4,2,15,1,901
1567,3,0,19,0,79
720,0,1,4,0,357
1421,2,1,4,0,354
1615,4,2,15,1,768
1680,4,2,15,1,740
835,4,2,15,1,882
502,4,2,15,1,261
1407,3,0,11,0,519
800,4,2,15,1,478
1642,4,2,15,1,508
1538,4,2,15,1,973
635,4,2,15,1,725
1604,4,2,15,1,337
1534,4,2,15,1,71
487,4,2,15,1,293
1564,4,2,15,1,582
1340,4,2,15,1,527
752,4,2,15,1,287
834,4,2,15,1,103
1570,4,2,15,1,698
1419,4,2,15,1,64
1111,4,2,15,1,900
1129,4,2,15,1,316
673,3,3,22,0,384
1103,4,2,15,1,119
1247,4,2,15,1,663
677,3,0,7,0,518
1424,2,1,4,0,56
1125,4,2,15,1,591
1042,3,0,11,0,174
710,4,2,15,1,327
609,4,2,15,1,813
1065,4,2,15,1,398
562,4,2,15,1,445
330,4,2,15,1,574
445,4,2,15,1,576
165,4,2,15,1,887
192,4,2,15,1,419
262,4,2,15,1,405
300,4,2,15,1,515
207,4,2,15,1,367
275,4,2,15,1,82
331,4,2,15,1,559
344,4,2,15,1,597
436,4,2,15,1,858
139,4,2,15,1,948
227,4,2,15,1,161
147,4,2,15,1,560
161,4,2,15,1,744
50,4,2,15,1,715
427,4,2,15,1,297
322,4,2,15,1,262
376,4,2,15,1,775
35,4,2,15,1,851
58,4,2,15,1,422
453,4,2,15,1,841
299,4,2,15,1,549
283,5,1,4,0,497
232,4,2,15,1,185
83,4,2,15,1,733
183,3,0,21,0,720
187,4,2,15,1,381
117,4,2,15,1,402
243,4,2,15,1,322
896,4,2,15,1,190
695,2,1,4,0,139
1562,4,2,15,1,663
587,4,2,15,1,402
1203,2,1,4,0,582
1513,4,2,15,1,789
1371,4,2,15,1,498
755,4,2,15,1,552
1378,4,2,15,1,541
1451,0,1,4,0,979
1094,4,2,15,1,22
1415,4,2,15,1,909
1376,4,2,15,1,421
802,4,2,15,1,936
1289,4,2,15,1,931
1471,4,2,15,1,508
507,3,1,4,0,703
817,4,2,15,1,333
1151,4,2,15,1,822
513,4,2,15,1,755
493,0,1,4,0,34
1172,4,2,15,1,877
1608,4,2,15,1,311
921,4,2,15,1,375
1000,4,2,15,1,621
1508,4,2,15,1,329
575,4,2,15,1,792
499,4,2,15,1,350
1623,4,2,15,1,536
1553,4,2,15,1,491
612,4,2,15,1,960
1525,4,2,15,1,213
900,4,2,15,1,796
1080,4,2,15,1,540
1174,4,2,15,1,509
747,4,2,15,1,518
1603,4,2,15,1,960
1182,4,2,15,1,733
1530,4,2,15,1,501
1647,4,2,15,1,944
570,4,2,15,1,761
576,4,2,15,1,809
584,4,2,15,1,294
686,4,2,15,1,19
684,4,2,15,1,470
624,4,2,15,1,564
1170,4,2,15,1,885
1217,2,1,4,0,830
1364,4,2,15,1,317
1029,4,2,15,1,705
647,4,2,15,1,303
832,4,2,15,1,673
1635,4,2,15,1,972
1057,4,2,15,1,612
1560,3,1,4,0,359
1083,0,1,4,0,397
498,4,2,15,1,308
703,3,0,18,0,832
985,4,2,15,1,507
767,4,2,15,1,816
706,4,2,15,1,633
998,3,0,9,0,617
881,4,2,15,1,490
472,4,2,15,1,116
1191,4,2,15,1,506
860,4,2,15,1,751
1279,4,2,15,1,536
574,4,2,15,1,361
454,3,3,2,0,70
1459,4,2,15,1,128
851,4,2,15,1,402
504,4,2,15,1,454
809,4,2,15,1,241
950,4,2,15,1,912
759,4,2,15,1,713
743,4,2,15,1,511
119,4,2,15,1,333
407,4,2,15,1,795
32,4,2,15,1,258
138,4,2,15,1,457
433,4,2,15,1,824
338,0,0,18,0,682
393,4,2,15,1,769
384,4,2,15,1,490
340,4,2,15,1,892
442,4,2,15,1,479
65,4,2,15,1,212
343,4,2,15,1,129
178,4,2,15,1,732
71,4,2,15,1,749
443,4,2,15,1,612
290,4,2,15,1,481
388,4,2,15,1,114
257,4,2,15,1,800
327,4,2,15,1,95
339,3,0,18,0,704
346,4,2,15,1,469
112,4,2,15,1,424
43,4,2,15,1,703
177,4,2,15,1,826
320,4,2,15,1,521
254,4,2,15,1,587
238,4,2,15,1,678
110,3,0,19,0,878
239,4,2,15,1,528
310,3,3,20,0,360
124,4,2,15,1,269
728,3,1,4,0,796
869,4,2,15,1,465
740,4,2,15,1,999
1045,4,2,15,1,921
810,4,2,15,1,36
1661,0,0,8,0,739
751,4,2,15,1,517
989,4,2,15,1,619
1202,2,1,4,0,622
906,4,2,15,1,206
1198,2,1,4,0,468
1427,4,2,15,1,921
1234,4,2,15,1,728
1250,4,2,15,1,29
1544,4,2,15,1,383
1502,4,2,15,1,833
1426,4,2,15,1,628
1470,4,2,15,1,44
935,4,2,15,1,155
1275,4,2,15,1,619
808,4,2,15,1,213
1454,4,2,15,1,306
619,4,2,15,1,450
1493,4,2,15,1,482
1213,3,1,4,0,108
946,4,2,15,1,140
1242,4,2,15,1,50
1545,4,2,15,1,28
476,4,2,15,1,17
1074,4,2,15,1,689
687,4,2,15,1,449
1679,5,1,4,0,406
876,4,2,15,1,221
471,3,1,4,0,947
762,4,2,15,1,983
718,0,1,4,0,73
793,4,2,15,1,584
904,4,2,15,1,330
1102,4,2,15,1,19
1664,4,2,15,1,458
627,4,2,15,1,528
526,2,1,4,0,475
1318,4,2,15,1,982
1549,4,2,15,1,753
1005,4,2,15,1,331
1071,4,2,15,1,143
1086,0,1,4,0,489
892,4,2,15,1,746
787,4,2,15,1,640
1506,4,2,15,1,908
924,4,2,15,1,473
537,3,0,7,0,375
1239,5,1,4,0,118
1342,4,2,15,1,94
893,4,2,15,1,869
597,4,2,15,1,907
563,4,2,15,1,89
1189,4,2,15,1,23
1357,4,2,15,1,416
463,4,2,15,1,980
1321,4,2,15,1,956
745,4,2,15,1,412
1593,4,2,15,1,599
1008,4,2,15,1,574
1180,4,2,15,1,609
735,4,2,15,1,565
1209,2,1,4,0,985
1437,4,2,15,1,211
1668,4,2,15,1,415
1629,4,2,15,1,120
1186,4,2,15,1,575
960,4,2,15,1,695
807,4,2,15,1,980
1215,2,1,4,0,19
1227,2,1,4,0,784
846,4,2,15,1,756
722,1,1,4,0,478
1331,4,2,15,1,862
727,0,1,4,0,609
905,4,2,15,1,914
47,4,2,15,1,646
369,4,2,15,1,815
377,4,2,15,1,332
522,4,2,15,1,783
89,4,2,15,1,195
142,4,2,15,1,928
87,4,2,15,1,118
27,4,2,15,1,734
379,4,2,15,1,125
352,4,2,15,1,941
365,4,2,15,1,30
280,4,2,15,1,690
372,4,2,15,1,997
216,3,0,6,0,218
423,4,2,15,1,476
382,4,2,15,1,936
218,4,2,15,1,985
220,4,2,15,1,397
278,4,2,15,1,834
55,4,2,15,1,689
370,4,2,15,1,442
12,4,2,15,1,182
244,4,2,15,1,485
294,4,2,15,1,725
81,4,2,15,1,477
355,0,1,4,0,441
48,4,2,15,1,670
96,4,2,15,1,308
265,4,2,15,1,508
1431,0,0,18,0,654
546,4,2,15,1,89
753,4,2,15,1,78
1616,4,2,15,1,222
1216,2,1,4,0,819
1113,4,2,15,1,895
910,4,2,15,1,488
1489,4,2,15,1,981
482,4,2,15,1,617
942,4,2,15,1,836
862,4,2,15,1,425
716,4,2,15,1,322
651,4,2,15,1,787
516,4,2,15,1,255
1337,4,2,15,1,902
927,4,2,15,1,888
1644,4,2,15,1,993
705,3,0,13,0,239
1326,4,2,15,1,593
748,4,2,15,1,259
508,4,2,15,1,752
1461,4,2,15,1,911
1027,4,2,15,1,886
981,4,2,15,1,395
934,4,2,15,1,57
1286,4,2,15,1,203
774,3,1,4,0,255
931,3,0,1,0,763
1669,4,2,15,1,307
658,4,2,15,1,748
1474,4,2,15,1,134
1417,4,2,15,1,743
1028,4,2,15,1,252
838,3,0,19,0,142
930,4,2,15,1,573
1464,4,2,15,1,74
1196,3,0,12,0,284
645,3,1,4,2,15
1292,4,2,15,1,115
1630,3,0,7,0,871
1595,4,2,15,1,652
1531,4,2,15,1,416
1030,4,2,15,1,623
536,4,2,15,1,313
1301,4,2,15,1,98
665,4,2,15,1,829
1605,4,2,15,1,52
844,4,2,15,1,97
534,2,1,4,0,694
827,4,2,15,1,501
1453,4,2,15,1,143
1001,4,2,15,1,627
1411,4,2,15,1,900
1495,4,2,15,1,892
1391,4,2,15,1,61
1312,4,2,15,1,127
1037,3,3,22,0,851
899,4,2,15,1,274
491,4,2,15,1,590
1287,4,2,15,1,780
478,4,2,15,1,269
953,4,2,15,1,501
506,4,2,15,1,915
1403,3,3,20,0,403
592,4,2,15,1,235
137,4,2,15,1,823
318,4,2,15,1,359
133,4,2,15,1,458
359,4,2,15,1,496
323,4,2,15,1,132
315,3,0,0,0,525
200,4,2,15,1,794
184,4,2,15,1,939
28,4,2,15,1,139
90,3,3,2,0,502
214,4,2,15,1,472
326,4,2,15,1,727
324,4,2,15,1,881
25,4,2,15,1,416
164,4,2,15,1,12
46,4,2,15,1,801
342,4,2,15,1,860
143,3,1,4,0,706
356,0,1,4,0,623
22,4,2,15,1,824
308,4,2,15,1,682
410,4,2,15,1,889
41,3,1,4,0,722
211,4,2,15,1,13
284,4,2,15,1,703
1352,4,2,15,1,137
629,4,2,15,1,403
1078,4,2,15,1,412
791,4,2,15,1,104
936,4,2,15,1,946
678,3,0,11,0,487
561,4,2,15,1,626
653,4,2,15,1,844
839,4,2,15,1,567
1490,4,2,15,1,830
766,4,2,15,1,166
763,4,2,15,1,261
1435,4,2,15,1,439
1656,4,2,15,1,806
1683,3,0,19,0,705
713,4,2,15,1,744
1138,4,2,15,1,95
1355,4,2,15,1,325
648,4,2,15,1,296
1501,4,2,15,1,297
928,4,2,15,1,324
1645,4,2,15,1,293
1429,4,2,15,1,820
920,4,2,15,1,972
1666,4,2,15,1,8
799,4,2,15,1,714
878,4,2,15,1,793
1514,3,1,4,0,44
1580,4,2,15,1,829
882,4,2,15,1,732
607,4,2,15,1,446
1410,4,2,15,1,929
859,3,0,16,0,608
1309,3,0,6,0,521
675,4,2,15,1,606
1356,4,2,15,1,204
1002,4,2,15,1,74
1073,4,2,15,1,744
717,6,1,4,0,795
1519,4,2,15,1,486
1395,4,2,15,1,558
1677,4,2,15,1,531
973,4,2,15,1,583
1235,4,2,15,1,949
701,4,2,15,1,321
1441,4,2,15,1,634
1114,4,2,15,1,788
949,3,1,4,0,878
639,4,2,15,1,374
631,4,2,15,1,575
963,3,0,0,0,129
1423,4,2,15,1,483
1016,4,2,15,1,199
969,4,2,15,1,76
1100,4,2,15,1,967
871,3,1,4,0,414
455,4,2,15,1,300
1543,4,2,15,1,828
1273,4,2,15,1,793
697,4,2,15,1,737
805,4,2,15,1,248
1096,4,2,15,1,241
829,3,0,3,0,690
1428,4,2,15,1,747
634,3,0,9,0,928
1024,4,2,15,1,217
1455,4,2,15,1,863
554,4,2,15,1,519
811,4,2,15,1,649
1350,4,2,15,1,983
1193,4,2,15,1,66
1178,4,2,15,1,63
589,4,2,15,1,815
1268,3,3,10,0,449
880,4,2,15,1,230
1467,4,2,15,1,634
1154,4,2,15,1,307
1412,4,2,15,1,302
1218,2,1,4,0,729
1393,4,2,15,1,994
1082,0,1,4,0,859
1346,4,2,15,1,859
613,4,2,15,1,30
1055,4,2,15,1,209
1492,4,2,15,1,131
672,4,2,15,1,635
1611,4,2,15,1,57
820,3,1,4,0,85
1673,3,0,6,0,908
484,3,1,4,0,704
742,4,2,15,1,369
1385,4,2,15,1,205
446,4,2,15,1,596
125,4,2,15,1,155
401,4,2,15,1,777
415,4,2,15,1,935
191,4,2,15,1,447
409,4,2,15,1,882
209,4,2,15,1,631
282,4,2,15,1,640
287,4,2,15,1,807
126,4,2,15,1,927
185,4,2,15,1,267
195,4,2,15,1,571
228,4,2,15,1,287
53,4,2,15,1,738
271,4,2,15,1,286
341,3,0,13,0,130
350,4,2,15,1,432
29,4,2,15,1,327
114,4,2,15,1,574
360,4,2,15,1,284
180,4,2,15,1,511
136,4,2,15,1,742
256,4,2,15,1,559
237,4,2,15,1,678
373,4,2,15,1,984
321,4,2,15,1,154
367,4,2,15,1,361
226,3,0,19,0,664
334,4,2,15,1,156
150,4,2,15,1,339
104,4,2,15,1,450
73,4,2,15,1,813
26,4,2,15,1,964
61,4,2,15,1,881
558,4,2,15,1,596
118,3,1,4,0,659
